[
  {
    "id": "missing_corebonus",
    "name": "ERR: DATA NOT FOUND",
    "source": "",
    "effect": "MISSING CORE BONUS DATA",
    "description": "COMP/CON is unable to retrieve the data necessary to furnish this Core Bonus. This is likely the result of a missing or outdated content pack."
  },
  {
    "id": "cb_auto_stabilizing_hardpoints",
    "name": "AUTO-STABILIZING HARDPOINTS",
    "source": "GMS",
    "effect": "Choose one mount. Weapons attached to this mount gain +1 Accuracy.",
    "description": "Using the best in shock-absorption and steadytech, you can retain accuracy across longer, sustained periods of fire.",
    "mounted_effect": "Attacks made with weapons from this mount can be made with +1 ACCURACY."
  },
  {
    "id": "cb_overpower_caliber",
    "name": "OVERPOWER CALIBER",
    "source": "GMS",
    "effect": "Choose one weapon. 1/round, when you hit with an attack, you can cause it to deal +1d6 bonus damage.",
    "description": "Instead of the standardized option, you requisition multiple racks of “hot” ammunition – same-bore slugs, with a higher grade of accelerant.",
    "mounted_effect": "One weapon equipped to this mount deals +1d6 bonus damage 1/round on hit."
  },
  {
    "id": "cb_improved_armament",
    "name": "IMPROVED ARMAMENT",
    "source": "GMS",
    "effect": "If your mech has fewer than three mounts (excluding integrated mounts), it gains an additional Flexible mount.",
    "description": "By rerouting power and strengthening systems, you can mount additional weapons beyond the factory recommendations."
  },
  {
    "id": "cb_integrated_weapon",
    "name": "INTEGRATED WEAPON",
    "source": "GMS",
    "effect": "Your mech gains a new integrated mount with capacity for one Auxiliary weapon. This weapon can be fired 1/round as a free action when you fire any other weapon on your mech. It can’t be modified.",
    "description": "The empty spaces in your mech’s chassis – inside fists, chest plates, anywhere there’s room – are filled with integrated weapons, ready to fire on reflex."
  },
  {
    "id": "cb_mount_retrofitting",
    "name": "MOUNT RETROFITTING",
    "source": "GMS",
    "effect": "Replace one mount with a Main/Aux mount.",
    "description": "By re-fabricating certain components and hardpoints on your chassis for more efficient distribution, you can increase your mech’s firepower.",
    "mounted_effect": "This mount has been replaced with a Main/Aux Mount."
  },
  {
    "id": "cb_universal_compatibility",
    "name": "UNIVERSAL COMPATIBILITY",
    "source": "GMS",
    "effect": "Any time you spend CP to activate a Core System, you may also take a free action to restore all HP, cool all Heat, and roll 1d20: on 20, regain 1 CP.",
    "description": "The Everest is everywhere: so are the parts you need for a field repair."
  },
  {
    "id": "cb_briareos_frame",
    "name": "BRIAREOS FRAME",
    "source": "IPS-N",
    "effect": "As long as your mech has no more than 1 Structure, you gain Resistance to all damage. When it’s reduced to 0 HP and 0 Structure, it is not destroyed: instead, you must make a structure damage check each time it takes damage. While in this state, your mech cannot regain HP until you rest or perform a Full Repair, at which point your mech can be repaired normally.",
    "description": "The Briareos is the newest release in IPS-N’s line of near-fail frame upgrades: templates designed to maximize a mech’s usability before catastrophic failure or the need for a reprint. The Briareos template increases the resilience of inorganic components by supplementing the structure with a superlight frame featuring interwoven layers of IPS-N’s iconic Goliath Weave meshing."
  },
  {
    "id": "cb_fomorian_frame",
    "name": "FOMORIAN FRAME",
    "source": "IPS-N",
    "effect": "Increase your mech’s Size by one increment (e.g., from 1/2 to 1, 1 to 2, or 2 to 3) up to a maximum of 3 Size. You can’t be knocked Prone, pulled, or knocked back by smaller characters, regardless of what system or weapon causes the effect.",
    "description": "The Fomorian is an upscaled version of IPS-N’s stock template that has been adapted to meet the needs of long-haul Cosmopolitans looking for enhanced stability and robust impact protection, both micro- and macro-level.",
    "bonuses": [{
      "id": "size",
      "val": 1
    }]
  },
  {
    "id": "cb_gyges_frame",
    "name": "GYGES FRAME",
    "source": "IPS-N",
    "effect": "You gain +1 Accuracy on all Hull checks and saves and +1 Threat with all melee weapons.",
    "description": "A mech built on the Gyges template is designed for combat – enhanced with finely tuned stabilizers and a robust suite of targeting software and hardware.",
    "bonuses": [{
          "id": "range",
          "weapon_types": ["Melee"],
          "range_types": ["Threat"],
          "val": 1
    }],
    "synergies": [{
      "locations": ["hull"],
      "detail": "+1 Accuracy on all Hull checks and saves"
    }]
  },
  {
    "id": "cb_reinforced_frame",
    "name": "REINFORCED FRAME",
    "source": "IPS-N",
    "effect": "You gain +5 HP.",
    "description": "The addition of redundant shock-absorption systems increases the survivability of pilots in combat, flight, and industrial situations.",
    "bonuses": [{
      "id": "hp",
      "val": 5
    }]
  },
  {
    "id": "cb_sloped_plating",
    "name": "SLOPED PLATING",
    "source": "IPS-N",
    "effect": "You gain +1 Armor, up to the maximum (+4).",
    "description": "A common choice among pilots with the right licenses, IPS-N’s integrated-armor fabrication reduces gaps in external coverage by a significant percentage.",
    "bonuses": [{
      "id": "armor",
      "val": 1
    }]
  },
  {
    "id": "cb_titanomachy_mesh",
    "name": "TITANOMACHY MESH",
    "source": "IPS-N",
    "effect": "1/round, when you successfully Ram or Grapple a mech, you can Ram or Grapple again as a free action. Additionally, when you knock targets back with melee attacks, you knock them back 1 additional space.",
    "description": "A double overlay of Goliath Weave at key stress points and beefed-up specifications across the board greatly improve the baseline functionality of any mech.",
    "synergies": [{
      "locations": ["ram", "grapple"],
      "detail": "1/round, when you successfully Ram or Grapple a mech, you can Ram or Grapple again as a free action."
    }]
  },
  {
    "id": "cb_all_theater_movement_suite",
    "name": "ALL-THEATER MOVEMENT SUITE",
    "source": "SSC",
    "effect": "You may choose to count any and all of your movement as flying; however, you take 1 Heat at the end of each of your turns in which you fly this way.",
    "description": "A popular modification, ATMS adds powerful pulse jets that dramatically improve mech mobility in all theaters.",
    "synergies": [{
      "locations": ["move"],
      "detail": "You may choose to count any and all of your movement as flying; however, you take 1 Heat at the end of each of your turns in which you fly this way."
    }]
  },
  {
    "id": "cb_full_subjectivity_sync",
    "name": "FULL SUBJECTIVITY SYNC",
    "source": "SSC",
    "effect": "You gain +2 Evasion.",
    "description": "By creating a stable, two-way ontologic bridge, SSC has removed the need for pilots to rely on physical controls alone to pilot their mech. Using a full subjectivity sync, pilots perceive their mech as their own body and control it via neural impulse; somatosensory feedback is translated to the pilot as well, so caution is advised despite nociception-dampening defaults built-in to the system.",
    "bonuses": [{
      "id": "evasion",
      "val": 2
    }]
  },
  {
    "id": "cb_ghostweave",
    "name": "GHOSTWEAVE",
    "source": "SSC",
    "effect": "During your turn, you are Invisible. If you take no actions on your turn other than your standard move, Hide, and Boost, you remain Invisible until the start of your next turn. You immediately cease to be Invisible when you take a reaction.",
    "description": "An upscaled version of the same systems found in SSC’s Mythimna Panoply, Ghostweave is a proprietary appliqué used to enhance mech camouflage in all environments."
  },
  {
    "id": "cb_integrated_nerveweave",
    "name": "INTEGRATED NERVEWEAVE",
    "source": "SSC",
    "effect": "You may move an additional 2 spaces when you Boost.",
    "description": "Integrated nerveweave combines several technologies to grant total battlefield alacrity, assuring pilots are never left behind.",
    "synergies": [{
      "locations": ["move", "boost"],
      "detail": "You may move an additional 2 spaces when you Boost."
    }]
  },
  {
    "id": "cb_kai_bioplating",
    "name": "KAI BIOPLATING",
    "source": "SSC",
    "effect": "You gain +1 Accuracy on all Agility checks and saves; additionally, you climb and swim at normal speed, ignore difficult terrain, and when making a standard move, can jump horizontally up to your full Speed and upwards up to half your Speed  (in any combination).",
    "description": "Adapted from fauna local to SSC’s home system, Kai Bioplating adds a lamellar layer of insulated, anchored, and chitinous plating over key brush-points on a mech. Essentially a cheaper, more feasible alternative to living metal, bioplating allows for faster movement through hard-to-navigate terrain.",
    "synergies": [{
      "locations": ["agility"],
      "detail": "+1 Accuracy on all Agility checks and saves"
    }, {
      "locations": ["move"],
      "detail": "You climb and swim at normal speed, ignore difficult terrain, and when making a standard move, can jump horizontally up to your full Speed and upwards up to half your Speed  (in any combination)."
    }]
  },
  {
    "id": "cb_neurolink_targeting",
    "name": "NEUROLINK TARGETING",
    "source": "SSC",
    "effect": "Your ranged weapons gain +3 Range.",
    "description": "To further reduce the information gap between pilot and machine and complement its full subjectivity sync technology, SSC developed neurolinking, a stable, non-invasive, and limited-transfer ontologic bridge. Neurolink targeting is a simple enhancement that helps pilots feel – as opposed to thinking – when engaged in ranged combat, allowing for a more natural expression of pilot ability.",
    "bonuses": [{
      "id": "range",
      "range_types": ["Range"],
      "val": 3
    }]
  },
  {
    "id": "cb_the_lesson_of_disbelief",
    "name": "THE LESSON OF DISBELIEF",
    "source": "HORUS",
    "effect": "You gain +1 accuracy on Systems checks and saves, and +2 E-Defense.",
    "description": "Query the omninet, delve into the archives. Find you the Aeneid, find you the age of Titanomachy. Eat, absorb, mull. Tell me now of the Hecatoncheires, they of the hundred hands. Did they strike the blow against Cronus – Saturno – or did they instead assail the Olympians? Who do you believe? Who stopped the Beast from telling its own story? And why? – “Lesson One”, The Six Lessons of Kilo Nueve.",
    "bonuses": [{
      "id": "edef",
      "val": 2
    }],
    "synergies": [{
        "locations": ["systems"],
        "detail": "+1 Accuracy on on Systems checks and saves"
      }
    ]
  },
  {
    "id": "cb_the_lesson_of_the_open_door",
    "name": "THE LESSON OF THE OPEN DOOR",
    "source": "HORUS",
    "effect": "Your Save Target increases by +2; additionally, 1/round, when a character fails a save against you, they take 2 heat.",
    "description": "There is a body and a deep pit, and both are named Tartarus. Once it held kings and titans and myths. Now, the gates that held it back are flung wide, and Tartarus is free. Here is the terrible question: who opened it, and why? – “Lesson Two”, The Six Lessons of Kilo Nueve.",
    "bonuses": [{
      "id": "save",
      "val": 2
    }]
  },
  {
    "id": "cb_the_lesson_of_the_held_image",
    "name": "THE LESSON OF THE HELD IMAGE",
    "source": "HORUS",
    "effect": "1/round, as a reaction at the start of any allied character’s turn, you may make a Lock On tech action against any character within line of sight and Sensors.",
    "description": "Close your eyes. Hold the image of your enemy in your mind; imagine it in all light and from every angle. In your mind, it has become a more perfect version. Crush it in your mind and kill the perfect thing. Open your eyes. – “Lesson Three”, The Six Lessons of Kilo Nueve.",
    "actions": [
      {
        "name": "Lesson of the Held Image",
        "activation": "Reaction",
        "frequency": "1/round",
        "trigger": "Any allied character starts their turn",
        "detail": "Make a Lock On tech action against any character within line of sight and Sensors."
      }
    ]
  },
  {
    "id": "cb_the_lesson_of_thinking_tomorrows_thought",
    "name": "THE LESSON OF THINKING-TOMORROW’S-THOUGHT",
    "source": "HORUS",
    "effect": "When you hit with a tech attack, your next melee attack against the same target gains +1 accuracy, and its damage can’t be reduced in any way.",
    "description": "Let me tell you this lesson: the corporeal existence is one that must end in death. The incorporeal existence is one that [must] end in [cascade? do you really think that is true?]. I tell you again, if you can imagine it, it is [done] and you have already struck the killing blow. – “Lesson Four”, The Six Lessons of Kilo Nueve.",
    "synergies": [{
      "locations": ["tech_attack"],
      "detail": "When you hit with a tech attack, your next melee attack against the same target gains +1 accuracy, and its damage can’t be reduced in any way."
    }]
  },
  {
    "id": "cb_the_lesson_of_transubstantiation",
    "name": "THE LESSON OF TRANSUBSTANTIATION",
    "source": "HORUS",
    "effect": "Any time you take structure damage, you disappear into a non-space and cease to be a valid target. You reappear in the same space at the start of your next turn. If that space is occupied, you reappear in the nearest available free space (chosen by you).",
    "description": "Through ecstatic repetition, you may see the face of God. Speak until your tongue dries and rattles to dust, and your body becomes nothing. When you are nothing and the wind takes you, you are in all things, never to be destroyed, only divided, until time's end. – “Lesson Five”, The Six Lessons of Kilo Nueve."
  },
  {
    "id": "cb_the_lesson_of_shaping",
    "name": "THE LESSON OF SHAPING",
    "source": "HORUS",
    "effect": "You may install an additional AI in your mech. If one enters cascade (or becomes unshackled narratively), the other prevents it from taking control of your mech. You only lose control of your mech if both AI-tagged systems or equipment enter cascade.",
    "description": "A little gift, to be pondered until understood: Cast aside the hammer and sword, the cannon and beam. No weapon formed against me shall land a true blow, as I have seen all ends, and there is nothing left but me. A trillion trillion light-years in all directions, and through it all, only [us? who knows. ego is a mind-killer. best to call your friends. better to face the night together. ‘til later, love.] – “Lesson Six”, The Six Lessons of Kilo Nueve.",
    "bonuses": [
      {
        "id": "ai_cap",
        "val": 1
      }
    ]
  },
  {
    "id": "cb_adaptive_reactor",
    "name": "ADAPTIVE REACTOR",
    "source": "HA",
    "effect": "When you Stabilize and choose to cool your mech, you may spend 2 Repairs to clear 1 stress damage.",
    "description": "All Armory frames are designed with multiple failsafe systems, but VIP clients and high-tier citizenry have access to a special catalog. With dozens of options for over-engineering reactors, it’s easy to make sure a mech can keep running indefinitely.",
    "bonuses": [{
      "id": "cheap_stress",
      "val": true
    }]
  },
  {
    "id": "cb_armory_sculpted_chassis",
    "name": "ARMORY-SCULPTED CHASSIS",
    "source": "HA",
    "effect": "You gain +1 accuracy on all Engineering checks and saves. When you Overcharge, you gain soft cover until the start of your next turn.",
    "description": "Anyone can print a stock mech chassis, relying on a section of generic code to keep them alive. The discerning pilot, on the other hand, accepts only the best: a frame designed, tested, and tuned by one of the Armory’s master fabricators.",
    "synergies": [{
      "locations": ["engineering"],
      "detail": "Gain +1 Accuracy on all Engineering checks and saves."
    }, {
      "locations": ["overcharge"],
      "detail": "Gain soft cover until the start of your next turn."
    }
  ]
  },
  {
    "id": "cb_heatfall_coolant_system",
    "name": "HEATFALL COOLANT SYSTEM",
    "source": "HA",
    "effect": "Your cost for Overcharge never goes past 1d6 heat.",
    "description": "The Heatfall Coolant System comes packaged with a stabilized reactor core; paired together, this combo is guaranteed to keep a mech cool in nearly any environment.",
    "bonuses": [{
      "id": "overcharge",
      "val": ["+1", "+1d3", "+1d6", "+1d6"]
    }]
  },
  {
    "id": "cb_integrated_ammo_feeds",
    "name": "INTEGRATED AMMO FEEDS",
    "source": "HA",
    "effect": "All Limited systems and weapons gain an additional two charges.",
    "description": "By streamlining and integrating all automated ordnance-loading modules, Harrison Armory specialists can greatly enhance mechs’ time-to-target minimums. As an added bonus, these upgrades usually result in increased carrying capacity, allowing pilots to field more ordnance than design specifications suggest.",
    "bonuses": [{
      "id": "limited_bonus",
      "val": 2
    }]
  },
  {
    "id": "cb_stasis_shielding",
    "name": "STASIS SHIELDING",
    "source": "HA",
    "effect": "Whenever you take stress damage, you gain Resistance to all damage until the start of your next turn.",
    "description": "A Think Tank exercise in extending stasis beyond the capabilities of civilian utility, Harrison Armory’s stasis shielding actively identifies critically stressed inorganic systems and blankets them in unmodulated “Holdfast” stasis, preventing further degradation for a limited period of time until repairs can be made."
  },
  {
    "id": "cb_superior_by_design",
    "name": "SUPERIOR BY DESIGN",
    "source": "HA",
    "effect": "You gain Immunity to Impaired and gain +2 Heat Cap.",
    "description": "Even the Armory’s entry-level frames aim to outperform the competition. Thanks to the incredible resources they have at their disposal, Harrison Armory can out-design and out-produce almost any smaller, boutique engineer or fabricator. Where resistance is found, the answer is simple: buy them out, or stamp them out. The Armory’s valued customers benefit from this philosophy of “Superior by Design”, so why should they worry?",
    "bonuses": [{
      "id": "heatcap",
      "val": 2
    }]
  }
]