[
  {
    "id": "missing_pilotweapon",
    "name": "ERR: DATA NOT FOUND",
    "type": "Weapon",
    "description": "COMP/CON is unable to retrieve the data necessary to furnish this Pilot Gear. This is likely the result of a missing or outdated content pack.",
    "tags": [],
    "range": [],
    "damage": []
  },
  {
    "id": "pg_archaic_melee",
    "name": "ARCHAIC MELEE",
    "type": "Weapon",
    "description": "These weapons were made using pre-Union alloys and technology, and might be anything from industrial-era steel swords through to stone axes. While they remain widely used on some worlds, archaic weapons used by pilots are usually relics, heirlooms, or ceremonial weapons.",
    "tags": [
      {
        "id": "tg_archaic"
      }
    ],
    "range": [
      {
        "type": "Threat",
        "val": 1
      }
    ],
    "damage": [
      {
        "type": "kinetic",
        "val": 1
      }
    ]
  },
  {
    "id": "pg_archaic_ranged",
    "name": "ARCHAIC RANGED",
    "type": "Weapon",
    "description": "These weapons are pre-modern devices like muskets and bows, all of which are still used in some societies.",
    "tags": [
      {
        "id": "tg_archaic"
      }
    ],
    "range": [
      {
        "type": "Range",
        "val": 5
      }
    ],
    "damage": [
      {
        "type": "kinetic",
        "val": 1
      }
    ]
  },
  {
    "id": "pg_light_a_c",
    "name": "LIGHT A/C",
    "type": "Weapon",
    "description": "Light A/C weapons might be knives, bayonets, punching daggers, and short swords.",
    "tags": [
      {
        "id": "tg_sidearm"
      }
    ],
    "range": [
      {
        "type": "Threat",
        "val": 1
      }
    ],
    "damage": [
      {
        "type": "kinetic",
        "val": 1
      }
    ]
  },
  {
    "id": "pg_medium_a_c",
    "name": "MEDIUM A/C",
    "type": "Weapon",
    "description": "Medium A/C weapons are typically swords, officer’s sabers, and trench axes.",
    "range": [
      {
        "type": "Threat",
        "val": 1
      }
    ],
    "damage": [
      {
        "type": "Kinetic",
        "val": 2
      }
    ]
  },
  {
    "id": "pg_heavy_a_c",
    "name": "HEAVY A/C",
    "type": "Weapon",
    "description": "Heavy weapons are designed with the augmented strength of hardsuits in mind and include war hammers, mallets, rams, pikes, and heavy two-handed assault swords.",
    "tags": [
      {
        "id": "tg_inaccurate"
      }
    ],
    "range": [
      {
        "type": "Threat",
        "val": 1
      }
    ],
    "damage": [
      {
        "type": "kinetic",
        "val": 3
      }
    ]
  },
  {
    "id": "pg_light_signature",
    "name": "LIGHT SIGNATURE",
    "type": "Weapon",
    "description": "Light signature weapons might be oversized revolvers, braces of pistols, and submachine guns.",
    "tags": [
      {
        "id": "tg_sidearm"
      },
      {
        "id": "tg_set_damage_type"
      }
    ],
    "range": [
      {
        "type": "Range",
        "val": 3
      }
    ],
    "damage": [
      {
        "type": "variable",
        "val": 1
      }
    ],
    "effect": "When a signature weapon is acquired, choose its damage type – Explosive, Energy, or Kinetic."
  },
  {
    "id": "pg_medium_signature",
    "name": "MEDIUM SIGNATURE",
    "type": "Weapon",
    "description": "Medium signature weapons are assault rifles, shotguns, pack-fed lasers, or disruption guns.",
    "tags": [
      {
        "id": "tg_set_damage_type"
      }
    ],
    "range": [
      {
        "type": "Range",
        "val": 5
      }
    ],
    "damage": [
      {
        "type": "variable",
        "val": 2
      }
    ],
    "effect": "When a signature weapon is acquired, choose its damage type – Explosive, Energy, or Kinetic."
  },
  {
    "id": "pg_heavy_signature",
    "name": "HEAVY SIGNATURE",
    "type": "Weapon",
    "description": "Heavy signature weapons are missile tubes, heavy lasers, light machine gun, or exotic rifles.",
    "tags": [
      {
        "id": "tg_ordnance"
      },
      {
        "id": "tg_loading"
      },
      {
        "id": "tg_set_damage_type"
      }
    ],
    "range": [
      {
        "type": "Range",
        "val": 10
      }
    ],
    "damage": [
      {
        "type": "variable",
        "val": 4
      }
    ],
    "effect": "When a signature weapon is acquired, choose its damage type – Explosive, Energy, or Kinetic."
  },
  {
    "id": "missing_pilotarmor",
    "name": "ERR: DATA NOT FOUND",
    "type": "Armor",
    "description": "COMP/CON is unable to retrieve the data necessary to furnish this Pilot Gear. This is likely the result of a missing or outdated content pack."
  },
  {
    "id": "pg_light_hardsuit",
    "name": "LIGHT HARDSUIT",
    "type": "Armor",
    "description": "Light hardsuits are usually made from reactive, cloth-like weaves, with limited plating and few powered components to maximize mobility. Like other hardsuits, they can be sealed against vacuum, and protect against a decent amount of radiation and other harmful particles.",
    "bonuses": [
      {
        "id": "pilot_hp",
        "val": 3
      },
      {
        "id": "pilot_evasion",
        "val": 10,
        "replace": true
      },
      {
        "id": "pilot_edef",
        "val": 10,
        "replace": true
      },
      {
        "id": "pilot_speed",
        "val": 4,
        "replace": true
      }
    ]
  },
  {
    "id": "pg_assault_hardsuit",
    "name": "ASSAULT HARDSUIT",
    "type": "Armor",
    "description": "These hardsuits, common among military units, feature heavier plating than light hardsuits but more mobility than heavy hardsuits. They are powered, augmenting the user’s strength, and typically feature an onboard computer, sensor suite, integrated air, burst EVA system, and waste recycling systems.",
    "bonuses": [
      {
        "id": "pilot_hp",
        "val": 3
      },
      {
        "id": "pilot_armor",
        "val": 1
      },
      {
        "id": "pilot_evasion",
        "val": 8,
        "replace": true
      },
      {
        "id": "pilot_edef",
        "val": 8,
        "replace": true
      },
      {
        "id": "pilot_speed",
        "val": 4,
        "replace": true
      }
    ]
  },
  {
    "id": "pg_heavy_hardsuit",
    "name": "HEAVY HARDSUIT",
    "type": "Armor",
    "description": "The heaviest hardsuits. They are always powered and up-armored with thick, composite armor. Heavy hardsuits often feature integrated weapons, powerful mobility suites, and – by augmenting their user’s strength – allow their user to field much heavier weapons than normal infantry can typically carry. Heavy hardsuits are in decline now that half-size chassis are popular, but they are still common among private militaries and middle-tier Diasporan armed forces.",
    "bonuses": [
      {
        "id": "pilot_hp",
        "val": 3
      },
      {
        "id": "pilot_armor",
        "val": 2
      },
      {
        "id": "pilot_evasion",
        "val": 6,
        "replace": true
      },
      {
        "id": "pilot_edef",
        "val": 8,
        "replace": true
      },
      {
        "id": "pilot_speed",
        "val": 3,
        "replace": true
      }
    ]
  },
  {
    "id": "pg_mobility_hardsuit",
    "name": "MOBILITY HARDSUIT",
    "type": "Armor",
    "description": "These hardsuits have integrated flight systems, allowing pilots to fly when they move or Boost. Flying pilots must end their turn on the ground (or another surface) or begin falling.",
    "bonuses": [
      {
        "id": "pilot_evasion",
        "val": 10,
        "replace": true
      },
      {
        "id": "pilot_edef",
        "val": 10,
        "replace": true
      },
      {
        "id": "pilot_speed",
        "val": 5,
        "replace": true
      }
    ]
  },
  {
    "id": "pg_stealth_hardsuit",
    "name": "STEALTH HARDSUIT",
    "type": "Armor",
    "description": "As a quick action, pilots wearing stealth hardsuits can become Invisible. They cease to be Invisible if they take any damage.",
    "bonuses": [
      {
        "id": "pilot_evasion",
        "val": 8,
        "replace": true
      },
      {
        "id": "pilot_edef",
        "val": 8,
        "replace": true
      },
      {
        "id": "pilot_speed",
        "val": 4,
        "replace": true
      }
    ],
    "actions": [
      {
        "name": "Activate Stealth Hardsuit",
        "activation": "Quick",
        "detail": "Become Invisible. You will cease to be Invisible if you take any damage.",
        "pilot": true
      }
    ]
  },
  {
    "id": "missing_pilotgear",
    "name": "ERR: DATA NOT FOUND",
    "type": "Gear",
    "description": "COMP/CON is unable to retrieve the data necessary to furnish this Pilot Gear. This is likely the result of a missing or outdated content pack."
  },
  {
    "id": "pg_corrective",
    "name": "CORRECTIVE",
    "type": "Gear",
    "description": "This clear, plastic-like sheet can be placed over the wounds of severely injured pilots. It instantly begins to stabilize them, injecting medicine and deploying nanites to stitch wounds shut.<br>Expend a charge to apply correctives to Down and Out pilots, immediately bringing them back to consciousness at 1 HP.",
    "actions": [
      {
        "name": "Use Corrective",
        "activation": "Full",
        "detail": "Expend a charge to apply correctives to Down and Out pilots, immediately bringing them back to consciousness at 1 HP",
        "pilot": true
      }
    ],
    "tags": [
      {
        "id": "tg_limited",
        "val": 1
      }
    ]
  },
  {
    "id": "pg_frag_grenades",
    "name": "FRAG GRENADES",
    "type": "Gear",
    "description": "Expend a charge for the following effect:<ul><li><b>Frag Grenade</b> (Grenade, Range 5, Blast 1): Affected characters must succeed on an Agility save or take 2 Explosive damage.</li></ul>",
    "actions": [
      {
        "name": "Use Frag Grenade",
        "activation": "Quick",
        "range": [
          {
            "type": "Range",
            "val": 5
          },
          {
            "type": "Blast",
            "val": 1
          }
        ],
        "damage": [
          {
            "type": "Explosive",
            "val": 2
          }
        ],
        "detail": "Throw a grenade within Range 5. Affected characters withing a Blast 1 must succeed on an Agility save or take 2 Explosive damage.",
        "pilot": true
      }
    ],
    "tags": [
      {
        "id": "tg_limited",
        "val": 2
      }
    ]
  },
  {
    "id": "pg_patch",
    "name": "PATCH",
    "type": "Gear",
    "description": "“Patch” is pilot slang for any kind of modern first aid gear, including sprayable medi-gel and instant-acting medical patches.<br>Expend a charge to apply a patch to either yourself or an adjacent pilot, restoring half their maximum HP. Patches have no effect on Down and Out pilots.",
    "actions": [
      {
        "name": "Use Patch",
        "activation": "Full",
        "detail": "Expend a charge to apply a patch to either yourself or an adjacent pilot, restoring half their maximum HP. Patches have no effect on Down and Out pilots.",
        "pilot": true
      }
    ],
    "tags": [
      {
        "id": "tg_limited",
        "val": 1
      }
    ]
  },
  {
    "id": "pg_stims",
    "name": "STIMS",
    "type": "Gear",
    "description": "These chemical stimulants are sometimes administered automatically by injectors built into a pilot’s suit, or even implanted within their body. Uncontrolled use can be addictive and dangerous to health in the long-term and is a problem for some pilots.<br>Expend a charge for one of the following effects:<ul><li><b>Kick:</b> Keeps a pilot awake and alert for up to 30 hours.</li><li><b>Freeze:</b> Keeps a pilot calm and emotionally stable; deadens fear and other strong reactions.</li><li><b>Juice:</b> Heighten senses and alertness, reduce fatigue, and shorten reaction times. Juice occasionally provokes rage in some users.</li></ul>",
    "actions": [
      {
        "name": "Use Patch",
        "activation": "Quick",
        "detail": "Expend a charge for one of the following effects:<ul><li><b>Kick:</b> Keeps a pilot awake and alert for up to 30 hours.</li><li><b>Freeze:</b> Keeps a pilot calm and emotionally stable; deadens fear and other strong reactions.</li><li><b>Juice:</b> Heighten senses and alertness, reduce fatigue, and shorten reaction times. Juice occasionally provokes rage in some users.</li></ul>",
        "pilot": true
      }
    ],
    "tags": [
      {
        "id": "tg_limited",
        "val": 3
      }
    ]
  },
  {
    "id": "pg_thermite_charge",
    "name": "THERMITE CHARGE",
    "type": "Gear",
    "description": "Expend a charge for the following effect:<ul><li><b>Thermite Charge</b> (Mine, Burst 1): This charge must be remotely detonated as a quick action. Affected characters must succeed on an Engineering save or take 3 Energy AP. Thermal charges automatically hit objects, dealing 10 Energy AP.</li></ul>",
    "deployables": [
      {
        "name": "Thermite Charge",
        "type": "Mine",
        "detail": "This charge must be remotely detonated as a quick action. Affected characters must succeed on an Engineering save or take 3 Energy AP. Thermal charges automatically hit objects, dealing 10 Energy AP.",
        "pilot": true,
        "actions": [
          {
            "name": "Detonate",
            "activation": "Quick",
            "detail": "Affected characters must succeed on an Engineering save or take 3 Energy AP. Thermal charges automatically hit objects, dealing 10 Energy AP.",
            "pilot": true
          }
        ]
      }
    ],
    "tags": [
      {
        "id": "tg_limited",
        "val": 1
      }
    ]
  },
  {
    "id": "pg_antiphoton_visor",
    "name": "ANTIPHOTON VISOR",
    "type": "Gear",
    "description": "Designed to protect the wearer’s eyes from intense bursts of light, antiphoton visors are commonly found among breach teams and solar-forward operators. They are effective against flash weapons, intense UV light, and incidental charges from energy weapons."
  },
  {
    "id": "pg_camo_cloth",
    "name": "CAMO CLOTH",
    "type": "Gear",
    "description": "A square of reactive material that slowly shifts to reflect the surrounding environment, enough to cover a human comfortably. The transition takes about 10 seconds and makes anything hidden underneath very difficult to spot."
  },
  {
    "id": "pg_dataplating",
    "name": "DATAPLATING",
    "type": "Gear",
    "description": "Dataplating is a general term for any comm-linked jewelry, subdermal netting, wearable jaw, brow, or maxillary plates, etc., that allows subvocal communication and persistent heads-up and augmented reality displays without wearing a helm. Dataplates can quickly translate nearly any language, and allow users to communicate with each other all but silently."
  },
  {
    "id": "pg_extra_rations",
    "name": "EXTRA RATIONS",
    "type": "Gear",
    "description": "Pilot rations aren’t much better than their nautical forerunners – both are variants on hardtack and nutrient paste. Pilots often carry a stash of extra food, or luxuries like chocolate, coffee, alcohol, or preserved goods from their homeworld. These rations can be used to barter or boost morale."
  },
  {
    "id": "pg_flexsuit",
    "name": "FLEXSUIT",
    "type": "Gear",
    "description": "A strong base-layer suit that recycles water, generates nutrients, and adapts very rapidly to hostile environs, maintaining a stable condition and extending survivability. Flexsuit wearers can go for roughly a week without eating or drink thanks to the ambrosia paste generated by their suit before its systems are depleted; however, they don’t prevent feelings of hunger. Removing the suit for a day or two is enough to replenish its reserves. Flexsuits also maintain a steady temperature within acceptable parameters."
  },
  {
    "id": "pg_handheld_printer",
    "name": "HANDHELD PRINTER",
    "type": "Gear",
    "description": "A miniaturized version of Union’s full-scale printers, handheld printers can be used to make simple objects out of flexible and durable plastic – as long as you have the right pattern chip."
  },
  {
    "id": "pg_subjectivity_enhancement_suite",
    "name": "SUBJECTIVITY-ENHANCEMENT SUITE",
    "type": "Gear",
    "description": "A subjectivity-enhancement suite is a set of cybernetic implants allowing users to hack systems without a rig. Users of these suites blend the organic with the synthetic, gaining the ability to extrude implanted universal-plug cables from within their body to make hardline connections with terminals. When plugged in, users can access a comprehensive, fully interactive alternate-reality interface with direct omninet access, making navigating – or hacking – local and networked systems as easy as wishing it so (of course, you must be careful: by opening up your mind to the digital, you may face dangers other, less enhanced people are ignorant of)."
  },
  {
    "id": "pg_infoskin",
    "name": "INFOSKIN",
    "type": "Gear",
    "description": "A reactive, synthetic polymer with advanced qualities, infoskin bonds quickly to real skin and hair. Once applied, it responds to electronic signals delivered by linked software, rapidly changing its color and texture – even contorting and distorting its form – allowing wearers to make minor changes to their appearance. With infoskin, it’s a simple matter to alter facial features, hair color, or makeup patterns."
  },
  {
    "id": "pg_mag_clamps",
    "name": "MAG-CLAMPS",
    "type": "Gear",
    "description": "These clamps attach easily to any metal surface, enhancing maneuverability in zero-g environments or when repairing mechs. They can be carried or fitted to boots."
  },
  {
    "id": "pg_nanite_spray",
    "name": "NANITE SPRAY",
    "type": "Gear",
    "description": "A spray paint that can be applied to any surface. Nanite spray is invisible to the naked eye but able to transmit simple messages or small data packets when scanned."
  },
  {
    "id": "pg_omnihook",
    "name": "OMNIHOOK",
    "type": "Gear",
    "description": "A portable – if bulky – omninet terminal that allows for communication, data transfer, and limited hot-spotting. Omnihooks are extremely valuable, although most mech squads have at least one. Tuning an omnihook requires a high level of skill, so they are usually mounted or carried by designated operators."
  },
  {
    "id": "pg_personal_drone",
    "name": "PERSONAL DRONE",
    "type": "Gear",
    "description": "Small, non-combat drones are a common sight in the field. They’re fairly noisy but can fly about half a mile with good maneuverability before losing signal, relaying audio and visual information as they go."
  },
  {
    "id": "pg_prosocollar",
    "name": "PROSOCOLLAR",
    "type": "Gear",
    "description": "A collar-like device that fits snugly around its wearer’s neck, projecting a holographic image over their face and head. Prosocollars can change their wearer’s voice and scramble or change their appearance. The projection won’t stand up to close inspection, but it can easily fool electronic systems and distant observers."
  },
  {
    "id": "pg_smart_scope",
    "name": "SMART SCOPE",
    "type": "Gear",
    "description": "A powerful electronic scope that provides high-resolution magnification up to two miles, and automatically adjusts its reticle for wind, gravity, and pressure. Smart scopes can project their field of vision and all data to the HUD of any networked user. They can also pair with other thermal, optical, or simulated-vision devices to further enhance targeting."
  },
  {
    "id": "pg_sleeping_bag",
    "name": "SLEEPING BAG",
    "type": "Gear",
    "description": "Coming in a variety of sizes, sleeping bags are a field necessity. They’re designed to fold out from a hardsuit, fit within a mech’s cockpit, resist fire and changes in temperature, and – when necessary – seal against vacuum.<br>You can climb into your sleeping bag, gaining Immunity to burn, protection against vacuum, and enough air to last an hour; however, while in the sleeping bag you are Stunned and can’t take actions other than to exit the bag as a full action."
  },
  {
    "id": "pg_ssc_sylph_undersuit",
    "name": "SSC SYLPH UNDERSUIT",
    "type": "Gear",
    "description": "Discovered on Acrimea IV, a biome cultivar world controlled by Smith-Shimano Corpro (SSC), the sylph is an organic lifeform that can seemingly survive in nearly any environment. Using breeding-analogous methods defined by established bioengineering doctrines, SSC developed the sylph undersuit – sterile, living sylphs grown as envelopes and fitted to their owners. The sylph bonds to its wearer, forming a symbiotic relationship: the sylph is sustained by the host’s waste products, in return protecting the host from a range of hostile environmental factors.<br>These semi-biological, skin-tight undersuits can be worn for extended periods. They are translucent, semi-liquid, and able to be stored when not in use, conforming to whatever container they are placed in. They clean the host’s body, aid natural healing processes, and eliminate waste. As desired, segments can become opaque, change color, or take on a new texture. Sylph undersuits can cover the host’s head, sealing against vacuum, providing protection against radiation, and filtering air or liquids, even providing the ability to breathe water for a limited time."
  },
  {
    "id": "pg_sound_system",
    "name": "SOUND SYSTEM",
    "type": "Gear",
    "description": "Though their tactical utility is questionable, many pilots set up internal speaker systems in their cockpits. This gives them a clear line to their compatriots during combat, along with the ability to play music."
  },
  {
    "id": "pg_tertiary_arm",
    "name": "TERTIARY ARM",
    "type": "Gear",
    "description": "A powered third arm mounted on a bracket on the hardsuit. Tertiary arms are powered and controlled using the same neural bridge processes that allow hardsuits to respond to user input. They can be equipped with manipulators to allow for fine motor control, weapons to enhance combat efficacy, or specialty tools."
  },
  {
    "id": "pg_wilderness_survival_kit",
    "name": "WILDERNESS SURVIVAL KIT",
    "type": "Gear",
    "description": "This kit contains many essentials for surviving in hostile environments: a rebreather, water filters, hardsuit patches, backup thermals, a bivouac kit, and so on."
  }
]