[{
    "id": "reserve_skill",
    "name": "Skill Point",
    "type": "Bonus",
    "label": "Bonus",
    "description": "Add a Skill Point to gain or improve a skill, typically as part of the \"Get Focused\" Downtime Action.",
    "bonuses": [{
      "id": "skill_point",
      "val": 1
    }]
  },
  {
    "id": "reserve_mechskill",
    "name": "Mech Skill Point",
    "type": "Bonus",
    "label": "Bonus",
    "description": "Add a Mech Skill Point to add to your Pilot's HULL, AGILITY, SYSTEMS, or ENGINEERING rating.",
    "bonuses": [{
      "id": "mech_skill_point",
      "val": 1
    }]
  },
  {
    "id": "reserve_talent",
    "name": "Talent Point",
    "type": "Bonus",
    "label": "Bonus",
    "description": "Add a Talent Point to gain or improve a Pilot Talent.",
    "bonuses": [{
      "id": "talent_point",
      "val": 1
    }]
  },
  {
    "id": "reserve_license",
    "name": "License Point",
    "type": "Bonus",
    "label": "Bonus",
    "description": "Add a License Point to advance or unlock a new License.",
    "bonuses": [{
      "id": "license_point",
      "val": 1
    }]
  },
  {
    "id": "reserve_corebonus",
    "name": "Extra CORE Bonus",
    "type": "Bonus",
    "label": "Bonus",
    "description": "Add an additional CORE Bonus.",
    "bonuses": [{
      "id": "cb_point",
      "val": 1
    }]
  },
  {
    "id": "reserve_access",
    "name": "Access",
    "type": "Resource",
    "label": "Resource",
    "description": "A keycard, invite, bribes or insider access to a particular location."
  },
  {
    "id": "reserve_backing",
    "name": "Backing",
    "type": "Resource",
    "label": "Contact",
    "description": "Useful leverage through political support from a powerful figure."
  },
  {
    "id": "reserve_supplies",
    "name": "Supplies",
    "type": "Resource",
    "label": "Resource",
    "description": "Gear allowing easy crossing of a hazardous or hostile area."
  },
  {
    "id": "reserve_disguise",
    "name": "Disguise",
    "type": "Resource",
    "label": "Identity",
    "description": "An effective disguise or cover identity, allowing uncontested access to a location."
  },
  {
    "id": "reserve_diversion",
    "name": "Diversion",
    "type": "Resource",
    "label": "Diversion",
    "description": "A distraction that provides time to take action without fear of consequence."
  },
  {
    "id": "reserve_blackmail",
    "name": "Blackmail",
    "type": "Resource",
    "label": "Target",
    "description": "Blackmail materials or sensitive information concerning a particular person."
  },
  {
    "id": "reserve_reputation",
    "name": "Reputation",
    "type": "Resource",
    "label": "Status",
    "description": "A good name in the mission area, prompting good first impressions with the locals."
  },
  {
    "id": "reserve_safe_harbor",
    "name": "Safe Harbor",
    "type": "Resource",
    "label": "Location",
    "description": "Guaranteed safety for meeting, planning, or recuperating."
  },
  {
    "id": "reserve_tracking",
    "name": "Tracking",
    "type": "Resource",
    "label": "Target",
    "description": "Details on the location of important objects or people."
  },
  {
    "id": "reserve_knowledge",
    "name": "Knowledge",
    "type": "Resource",
    "label": "Subject",
    "description": "An understanding of local history, customs, culture, or etiquette."
  },
  {
    "id": "reserve_ammo",
    "name": "Ammo",
    "type": "Mech",
    "label": "Ammo",
    "description": "Extra uses (+1 or +2) of a LIMITED weapon or system."
  },
  {
    "id": "reserve_rented_gear",
    "name": "Rented gear",
    "type": "Mech",
    "label": "Gear",
    "description": "Temporary access to a new weapon or piece of mech gear."
  },
  {
    "id": "reserve_extra_repairs",
    "name": "Extra repairs",
    "type": "Mech",
    "label": "Resource",
    "description": "Supplies that give a mech +2 REPAIR CAP.",
    "bonuses": [{
      "id": "repcap",
      "val": 2
    }]
  },
  {
    "id": "reserve_core_battery",
    "name": "CORE battery",
    "type": "Mech",
    "label": "Battery",
    "description": "An extra battery that allows a second use of a mech’s CORE SYSTEM.",
    "bonuses": [{
      "id": "core_power",
      "val": 2
    }]
  },
  {
    "id": "reserve_deployable_shield",
    "name": "Deployable Shield",
    "type": "Mech",
    "label": "Shield",
    "description": "A single-use deployable shield generator – a SIZE 1 deployable that grants soft cover to all friendly characters in a BURST 2 radius.",
    "deployables": [{
      "name": "Deployable Shield (Reserve)",
      "type": "Deployable",
      "size": 1,
      "detail": "Grants soft cover to all friendly characters in a BURST 2 radius"
    }]
  },
  {
    "id": "reserve_redundant_repair",
    "name": "Redundant repair",
    "type": "Mech",
    "label": "Resource",
    "description": "The ability to STABILIZE as a free action once per mission.",
    "actions": [{
      "name": "Redundant Repair",
      "activation": "Free",
      "detail": "STABILIZE as a free action."
    }]
  },
  {
    "id": "reserve_systems_reinforcement",
    "name": "Systems reinforcement",
    "type": "Mech",
    "label": "Resource",
    "description": "+1 ACCURACY to skill checks made with one skill – HULL, AGILITY, SYSTEMS or ENGINEERING.",
    "synergies": [{
      "locations": ["hase"],
      "detail": "+1 ACCURACY to skill checks made with one skill – HULL, AGILITY, SYSTEMS or ENGINEERING."
    }]
  },
  {
    "id": "reserve_smart_ammo",
    "name": "Smart ammo",
    "type": "Mech",
    "label": "Ammo",
    "description": "All weapons of your choice can be fired as if they are SMART.",
    "synergies": [{
      "locations": ["weapon"],
      "detail": "All weapons of your choice can be fired as if they are SMART"
    }]
  },
  {
    "id": "reserve_boosted_servos",
    "name": "Boosted servos",
    "type": "Mech",
    "label": "Resource",
    "description": "IMMUNITY to the SLOWED condition.",
    "synergies": [{
      "locations": ["move"],
      "detail": "Your mech has IMMUNITY to the SLOWED condition."
    }]
  },
  {
    "id": "reserve_jump_jets",
    "name": "Jump jets",
    "type": "Mech",
    "label": "Resource",
    "description": "During this mission your mech can FLY when moving, but must end movement on land.",
    "synergies": [{
      "locations": ["move"],
      "detail": "Your mech can FLY when moving, but must end movement on land."
    }]
  },
  {
    "id": "reserve_scouting",
    "name": "Scouting",
    "type": "Tactical",
    "label": "Location",
    "description": "Detailed information on the kinds of mechs and threats you will face on the mission, such as number, type, and statistics."
  },
  {
    "id": "reserve_vehicle",
    "name": "Vehicle",
    "type": "Tactical",
    "label": "Designation",
    "description": "Use of a transport vehicle or starship (e.g. a TIER 1 NPC with the VEHICLE or SHIP template.)"
  },
  {
    "id": "reserve_reinforcements",
    "name": "Reinforcements",
    "type": "Tactical",
    "label": "Designation",
    "description": "The ability to call in a friendly NPC mech of any Tier, once per mission."
  },
  {
    "id": "reserve_environmental_shielding",
    "name": "Environmental shielding",
    "type": "Tactical",
    "label": "Environment",
    "description": "Equipment that allows you to ignore a particular battlefield hazard or dangerous terrain, such as extreme heat or cold."
  },
  {
    "id": "reserve_accuracy",
    "name": "Accuracy",
    "type": "Tactical",
    "label": "Skill/Action",
    "description": "Training or enhancement that provides +1 ACCURACY to a particular mech skill or action for the duration of this mission.",
    "synergies": [{
      "locations": ["other"],
      "detail": "+1 ACCURACY to a particular mech skill or action for the duration of this mission."
    }]
  },
  {
    "id": "reserve_bombardment",
    "name": "Bombardment",
    "type": "Tactical",
    "label": "Resource",
    "description": "The ability to call in artillery or orbital bombardment once during mech combat (full action, RANGE 30 within line of sight, BLAST 2, 3d6 explosive damage).",
    "actions": [{
      "name": "Bombardment",
      "activation": "Full",
      "detail": "Call in artillery or orbital bombardment:<br>RANGE 30 within line of sight, BLAST 2, 3d6 explosive damage",
      "range": [
        {
          "type": "Range",
          "val": 30
        },
        {
          "type": "Blast",
          "val": 2
        }
      ],
      "damage": [
        {
          "type": "Explosive",
          "val": "3d6"
        }
      ]
    }]
  },
  {
    "id": "reserve_extended_harness",
    "name": "Extended Harness",
    "type": "Tactical",
    "label": "Resource",
    "description": "A custom harness that allows you to carry an extra pilot weapon and two extra pieces of pilot gear for the duration of this mission.",
    "bonuses": [
      {
        "id": "pilot_gear",
        "val": 2
      }
    ]
  },
  {
    "id": "reserve_ambush",
    "name": "Ambush",
    "type": "Tactical",
    "label": "Location",
    "description": "Intel that allows you to choose exactly where your next battle will take place, including the layout of terrain and cover."
  },
  {
    "id": "reserve_orbital_drop",
    "name": "Orbital Drop",
    "type": "Tactical",
    "label": "Location",
    "description": "The ability to start the mission by dropping from orbit into a heavily fortified or hard to reach location."
  },
  {
    "id": "reserve_nhp_assistant",
    "name": "NHP Assistant",
    "type": "Tactical",
    "label": "Designation",
    "description": "A non-human person (NHP) – an advanced artificial intelligence – controlled by the GM, that can give you advice on the current situation."
  }
]