[
  {
    "name": "DANGER ZONE",
    "icon": "danger-zone",
    "type": "Status",
    "terse": "Heat level at half capacity or more",
    "exclusive": "Mech",
    "effects": "Characters are in the DANGER ZONE when half or more of their heat is filled in. They’re smoking hot, which enables some attacks, talents, and effects."
  },
  {
    "name": "DOWN AND OUT",
    "icon": "downandout",
    "type": "Status",
    "terse": "Pilot is unconscious, any additional damage kills",
    "exclusive": "Pilot",
    "effects": "Pilots that are DOWN AND OUT are unconscious and STUNNED – if they take any more damage, they die. They'll regain consciousness and half of their HP when they rest."
  },
  {
    "name": "ENGAGED",
    "icon": "engaged",
    "type": "Status",
    "terse": "Ranged attacks made by an this character receive +1 difficulty. All additional movement is lost if ENGAGED by a target of equal or greater SIZE",
    "effects": "If a character moves adjacent to a hostile character, they both gain the ENGAGED status for as long as they remain adjacent to one another. Ranged attacks made by an ENGAGED character receive +1 difficulty. Additionally, characters that become ENGAGED by targets of equal or greater SIZE during the course of a movement stop moving immediately and lose any unused movement."
  },
  {
    "name": "EXPOSED",
    "icon": "exposed",
    "type": "Status",
    "terse": "All kinetic, explosive, or energy damage taken by this character is doubled.",
    "exclusive": "Mech",
    "effects": "Characters become EXPOSED when they’re dealing with runaway heat buildup – their armor is weakened by overheating, their vents are open, and their weapons are spinning down, providing plenty of weak points. All kinetic, explosive, or energy damage taken by EXPOSED characters is doubled, before applying any reductions. A mech can clear EXPOSED by taking the STABILIZE action."
  },
  {
    "name": "HIDDEN",
    "icon": "hidden",
    "type": "Status",
    "terse": "This character can’t be targeted by hostile attacks or actions, doesn't cause engagement, and enemies only know their approximate location.",
    "effects": "HIDDEN characters can’t be targeted by hostile attacks or actions, don’t cause engagement, and enemies only know their approximate location. Attacking, forcing saves, taking reactions, using BOOST, and losing cover all remove HIDDEN after they resolve. Characters can find HIDDEN characters with SEARCH."
  },
  {
    "name": "INVISIBLE",
    "icon": "invisible",
    "type": "Status",
    "terse": "All attacks against INVISIBLE characters have a 50 percent chance to miss before an attack roll is made. INVISIBLE characters can always HIDE, even without cover.",
    "effects": "All attacks against INVISIBLE characters, regardless of type, have a 50 percent chance to miss outright, before an attack roll is made. Roll a dice or flip a coin to determine if the attack misses.<br>Additionally, INVISIBLE characters can always HIDE, even without cover."
  },
  {
    "name": "PRONE",
    "icon": "prone",
    "type": "Status",
    "terse": "Attacks against PRONE targets receive +1 accuracy. PRONE characters are SLOWED and count as moving in difficult terrain.",
    "effects": "Attacks against PRONE targets receive +1 accuracy.<br>Additionally, PRONE characters are SLOWED and count as moving in difficult terrain. Characters can remove PRONE by standing up instead of taking their standard move, unless they’re IMMOBILIZED. Standing up doesn’t count as movement, so doesn’t trigger OVERWATCH or other effects."
  },
  {
    "name": "SHUT DOWN",
    "icon": "shut-down",
    "type": "Status",
    "terse": "While SHUT DOWN, mechs are STUNNED indefinitely.",
    "exclusive": "Mech",
    "effects": "When a mech is SHUT DOWN:<br>• all heat is cleared and the EXPOSED status is removed;<br>• any cascading NHPs are stabilised and no longer cascading;<br>• any statuses and conditions affecting the mech caused by tech actions, such as LOCK ON, immediately end.<br>SHUT DOWN mechs have IMMUNITY to all tech actions and attacks, including any from allied characters.<br>While SHUT DOWN, mechs are STUNNED indefinitely. Nothing can prevent this condition, and it remains until the mech ceases to be SHUT DOWN."
  },
  {
    "name": "IMMOBILIZED",
    "icon": "immobilized",
    "type": "Condition",
    "terse": "IMMOBILIZED characters cannot make any voluntary movements",
    "effects": "IMMOBILIZED characters cannot make any voluntary movements, although involuntary movements are unaffected."
  },
  {
    "name": "IMPAIRED",
    "icon": "impaired",
    "type": "Condition",
    "terse": "IMPAIRED characters receive +1 difficulty on all attacks, saves, and skill checks.",
    "effects": "IMPAIRED characters receive +1 difficulty on all attacks, saves, and skill checks."
  },
  {
    "name": "JAMMED",
    "icon": "jammed",
    "type": "Condition",
    "terse": "JAMMED characters can’t use comms,  make attacks other than IMPROVISED ATTACK, GRAPPLE, and RAM,take reactions, or take or benefit from tech actions",
    "effects": "JAMMED characters can’t:<br>• use comms to talk to other characters;<br>• make attacks, other than IMPROVISED ATTACK, GRAPPLE, and RAM;<br>• take reactions, or take or benefit from tech actions."
  },
  {
    "name": "LOCK ON",
    "icon": "lock-on",
    "type": "Condition",
    "terse": "Hostile characters can consume LOCK ON for +1 accuracy on their next attack against this character.",
    "effects": "Hostile characters can choose to consume a character’s LOCK ON condition in exchange for +1 accuracy on their next attack against that character.<br>LOCK ON is also required to use some talents and systems."
  },
  {
    "name": "SHREDDED",
    "icon": "shredded",
    "type": "Condition",
    "terse": "SHREDDED characters don’t benefit from ARMOR or RESISTANCE",
    "effects": "SHREDDED characters don’t benefit from ARMOR or RESISTANCE."
  },
  {
    "name": "SLOWED",
    "icon": "slow",
    "type": "Condition",
    "terse": "This character can’t BOOST or make any special moves granted by talents, systems, or weapons.",
    "effects": "The only movement SLOWED characters can make is their standard move, on their own turn – they can’t BOOST or make any special moves granted by talents, systems, or weapons."
  },
  {
    "name": "STUNNED",
    "icon": "stunned",
    "type": "Condition",
    "terse": "STUNNED mechs cannot OVERCHARGE, move, or take any actions.",
    "effects": "STUNNED mechs cannot OVERCHARGE, move, or take any actions – including free actions and reactions. Pilots can still MOUNT, DISMOUNT, or EJECT from STUNNED mechs, and can take actions normally.<br>STUNNED mechs have a maximum of 5 EVASION, and automatically fail all HULL and AGILITY checks and saves."
  }
]