[
  {
    "id": "tg_burn",
    "name": "BURN {VAL}",
    "description": "On a hit, this weapon deals {VAL} Burn to its target. They immediately take that much burn damage, ignoring Armor, then mark {VAL} Burn on their sheet, adding it to any existing Burn. At the end of their turn, characters with marked burn make an Engineering check. On a success, they clear all marked burn; on a failure, they take damage equal to their total marked burn."
  },
  {
    "id": "tg_heat_target",
    "name": "HEAT {VAL} (TARGET)",
    "description": "On a hit, this weapon or system deals {VAL} Heat to its target."
  },
  {
    "id": "tg_line",
    "name": "LINE {VAL}",
    "description": "Attacks made with this weapon affect characters in a straight line, {VAL} spaces long.",
    "filter_ignore": true
  },
  {
    "id": "tg_cone",
    "name": "CONE {VAL}",
    "description": "Attacks made with this weapon affect  characters within a cone, {VAL} spaces long and {VAL} spaces wide at its furthest point. The cone begins 1 space wide.",
    "filter_ignore": true
  },
  {
    "id": "tg_blast",
    "name": "BLAST {VAL}",
    "description": "Attacks made with this weapon affect characters within a radius of {VAL} spaces, drawn from a point within Range and line of sight. Cover and line of sight are calculated based on the center of the blast, rather than the attacker’s position.",
    "filter_ignore": true
  },
  {
    "id": "tg_burst",
    "name": "BURST {VAL}",
    "description": "Attacks made with this weapon affect characters within a radius of {VAL} spaces, centered on and including the space occupied by the user (or target). If the Burst is an attack, the user or target is not affected by the attack unless specified. Cover and line of sight are calculated from the character. If a Burst effect is ongoing, it moves with the character at its center.",
    "filter_ignore": true
  },
  {
    "id": "tg_accurate",
    "name": "ACCURATE",
    "description": "Attacks made with this weapon receive +1 Accuracy."
  },
  {
    "id": "tg_arcing",
    "name": "ARCING",
    "description": "This weapon can be fired over obstacles, usually by lobbing a projectile in an arc. Attacks made with this weapon don’t require line of sight, as long as it’s possible to trace a path to the target; however, they are still affected by cover."
  },
  {
    "id": "tg_ap",
    "name": "ARMOR-PIERCING (AP)",
    "description": "Damage dealt by this weapon ignores Armor."
  },
  {
    "id": "tg_inaccurate",
    "name": "INACCURATE",
    "description": "Attacks made with this weapon receive +1 Difficulty."
  },
  {
    "id": "tg_knockback",
    "name": "KNOCKBACK {VAL}",
    "description": "On a hit, the user may choose to knock their target {VAL} spaces in a straight line directly away from the point of origin (e.g., the attacking mech or the center of a Blast). Multiple Knockback effects stack with each other. This means that an attack made with a Knockback 1 weapon and a talent that grants Knockback 1 counts as having Knockback 2."
  },
  {
    "id": "tg_loading",
    "name": "LOADING",
    "description": "This weapon must be reloaded after each use. Mechs can reload with Stabilize and some systems."
  },
  {
    "id": "tg_ordnance",
    "name": "ORDNANCE",
    "description": "This weapon can only be fired before the user moves or takes any other actions on their turn, excepting Protocols. The user can still act and move normally after attacking. Additionally, because of its size, this weapon can’t be used against targets in engagement with the user’s mech, and cannot be used for Overwatch."
  },
  {
    "id": "tg_overkill",
    "name": "OVERKILL",
    "description": "When rolling for damage with this weapon, any damage dice that land on a 1 cause the attacker to take 1 Heat, and are then rerolled. Additional 1s continue to trigger this effect."
  },
  {
    "id": "tg_overshield",
    "name": "OVERSHIELD",
    "description": "This system provides HP that disappears at the end of the scene or when a specified condition is met. The user only retains the highest value of Overshield applied – it does not stack. For example, if a system provides Overshield 5 and the user gains another effect that provides Overshield 7, they would gain Overshield 7. Damage is dealt to Overshield first, then HP. Overshield can push a character past their maximum HP. It can’t benefit from healing but otherwise benefits normally from anything that would affect HP and damage (i.e., reduction, armor, etc)."
  },
  {
    "id": "tg_reliable",
    "name": "RELIABLE {VAL}",
    "description": "This weapon has some degree of self-correction or is simply powerful enough to cause damage even with a glancing blow. It always does {VAL} damage, even if it misses its target or rolls less damage. Reliable damage inherits other tags (such as AP) and base damage type but not tags that require a hit, such as Knockback."
  },
  {
    "id": "tg_seeking",
    "name": "SEEKING",
    "description": "This weapon has a limited form of self-guidance and internal propulsion, allowing it to follow complicated paths to its targets. As long as it’s possible to draw a path to its target, this weapon ignores cover and doesn’t require line of sight."
  },
  {
    "id": "tg_smart",
    "name": "SMART",
    "description": "This weapon has self-guidance systems, self-propelled projectiles, or even nanorobotic ammunition. These systems are effective enough that its attacks can’t simply be dodged – they must be scrambled or jammed. Because of this, all attacks with this weapon – including melee and ranged attacks – use the target’s E-Defense instead of Evasion. Targets with no E-Defense count as having 8 E-Defense."
  },
  {
    "id": "tg_threat",
    "name": "THREAT {VAL}",
    "description": "This weapon can be used to make Overwatch attacks within {VAL} spaces. If it’s a melee weapon, it can be used to make melee attacks within {VAL} spaces."
  },
  {
    "id": "tg_thrown",
    "name": "THROWN {VAL}",
    "description": "This melee weapon can be thrown at targets within {VAL} spaces. Thrown attacks follow the rules for melee attacks but are affected by cover; additionally, a thrown weapon comes to rest in an adjacent space to its target and must be retrieved as a free action while adjacent to that weapon before it can be used again."
  },
  {
    "id": "tg_turn",
    "name": "{VAL}/TURN",
    "description": "This system, trait, or reaction can be used {VAL} number of times in any given turn."
  },
  {
    "id": "tg_round",
    "name": "{VAL}/ROUND",
    "description": "This system, trait or reaction can be used {VAL} number of times between the start of the user’s turn and the start of their next turn."
  },
  {
    "id": "tg_ai",
    "name": "AI",
    "description": "A mech can only have one system with this tag installed at a time. Some AI systems grant the AI tag to the mech. A mech with the AI tag has an NHP or comp/con unit installed that can act onsomewhat autonomously. A pilot can choose to hand over the controls to their AI  or take control back as a protocol. Their mech gains its own set of actions and reactions when controlled by an AI, but the pilot can’t take actions or reactions with it until the start of their next turn. AIs can’t benefit from talents, and have a small chance of cascading when they take structure damage or stress damage."
  },
  {
    "id": "tg_danger_zone",
    "name": "DANGER ZONE",
    "description": "This system, talent, or weapon can only be used if the user is in the Danger Zone (Heat equal to at least half of their Heat Cap)."
  },
  {
    "id": "tg_deployable",
    "name": "DEPLOYABLE",
    "description": "This system is an object that can be deployed on the field. Unless otherwise specified, it can be deployed in an adjacent, free and valid space as a quick action, and has 5 Evasion and 10 HP per Size."
  },
  {
    "id": "tg_drone",
    "name": "DRONE",
    "description": "This is a self-propelled, semi-autonomous unit with rudimentary intelligence. Unless otherwise specified, Drones are Size 1/2 characters that are allied to the user and have 10 Evasion, 5 HP, and 0 Armor. To be used they must be deployed to a free, valid space within Sensors and line of sight, typically as a quick action. Once deployed, they can be recalled with the same action used to deploy them (quick action or full action, etc.), rejoining with your mech. By default, Drones can’t take actions or move; if they do have actions or movement, they act on their user’s turn. They benefit from cover and other defenses as usual, and make all mech skill checks and saves at +0. If a Drone reaches 0 HP, it is destroyed and must be repaired before it can be used again – like any system. As long as a Drone  hasn’t been destroyed, it is restored to full HP when the user rests or performs a Full Repair. Deployed Drones  persist for the rest of the scene, until destroyed, or until otherwise specified."
  },
  {
    "id": "tg_full_action",
    "name": "FULL ACTION",
    "description": "This system requires a full action to Activate."
  },
  {
    "id": "tg_grenade",
    "name": "GRENADE",
    "description": "As a quick action, this explosive or other device can be thrown to a space within line of sight and the specified Range and line of sight."
  },
  {
    "id": "tg_heat_self",
    "name": "HEAT {VAL} (SELF)",
    "description": "Immediately after using this weapon or system, the user takes {VAL} Heat."
  },
  {
    "id": "tg_limited",
    "name": "LIMITED {VAL}",
    "description": "This weapon or system can only be used {VAL} times before it requires a Full Repair. Some Limited systems, like Grenades, describe these uses as “charges”. To use the system, the user expends a charge."
  },
  {
    "id": "tg_mine",
    "name": "MINE",
    "description": "As a quick action, this device can be planted in an adjacent, free and valid space on any surface, but not adjacent to any other mines. Upon deployment, it arms at the end of the deploying character’s turn and – unless otherwise specified – is triggered when any character enters an adjacent space. Characters leaving an adjacent space will not trigger a mine. Once triggered, a mine creates a Burst attack starting from the space in which it was placed. Mines within a character’s Sensors can be detected by making a successful Systems check as a quick action, otherwise they are Hidden and can’t be targeted. Detected mines can be disarmed from adjacent spaces by making a successful Systems check as a quick action; the attempt takes place before the mine detonates, and on a failure, the mine detonates as normal."
  },
  {
    "id": "tg_mod",
    "name": "MOD",
    "description": "This modification can be applied to a weapon. Each weapon can only have one Mod, and cannot have more than one of the same Mod. Mods are applied when the user builds their mech or during a Full Repair."
  },
  {
    "id": "tg_protocol",
    "name": "PROTOCOL",
    "description": "This system can be activated as a free action, but only at the start of the user’s turn. Another action might be needed to deactivate it."
  },
  {
    "id": "tg_quick_action",
    "name": "QUICK ACTION",
    "description": "This system requires a quick action to Activate."
  },
  {
    "id": "tg_reaction",
    "name": "REACTION",
    "description": "This system can be activated as a reaction."
  },
  {
    "id": "tg_shield",
    "name": "SHIELD",
    "description": "This system is an energy shield of some kind."
  },
  {
    "id": "tg_unique",
    "name": "UNIQUE",
    "description": "This weapon or system cannot be duplicated – each character can only have one copy of it installed at a time."
  },
  {
    "id": "tg_archaic",
    "name": "ARCHAIC",
    "description": "This weapon is old-fashioned and can’t harm mechs."
  },
  {
    "id": "tg_personal_armor",
    "name": "PERSONAL ARMOR",
    "description": "This gear offers protection in combat, but it is obvious to observers and usually can’t be hidden. Only one piece of Personal Armor can be worn at a time. Putting on Personal Armor takes 10–20 minutes, and while wearing it, pilots have restricted mobility and dexterity. Nobody wears armor unless they’re expecting to go into a warzone."
  },
  {
    "id": "tg_gear",
    "name": "GEAR",
    "description": "This is a tool, piece of equipment, or another item. Pilots can have up to three of these at a time."
  },
  {
    "id": "tg_sidearm",
    "name": "SIDEARM",
    "description": "This weapon can be used to Fight as a quick action instead of a full action."
  },
  {
    "id": "tg_invade",
    "name": "INVADE",
    "description": "This system provides additional options for the Invade Quick Tech Action."
  },
  {
    "id": "tg_quick_tech",
    "name": "QUICK TECH",
    "description": "This tech can be used as a Quick Tech Action"
  },
  {
    "id": "tg_full_tech",
    "name": "FULL TECH",
    "description": "This tech can be used as a Full Tech Action"
  },
  {
    "id": "tg_free_action",
    "name": "FREE ACTION",
    "description": "Characters can take free actions at any point during their turn, and they don’t count toward the number of quick or full actions they take. They can also be used to take actions more than once per turn.",
    "filter_ignore": true
  },
  {
    "id": "tg_range",
    "name": "RANGE ({VAL})",
    "description": "This system can be activated at a range of {VAL} spaces.",
    "filter_ignore": true
  },
  {
    "id": "tg_modded",
    "name": "MODDED",
    "description": "This weapon has been equipped with a weapon mod."
  },
  {
    "id": "tg_resistance",
    "name": "RESISTANCE",
    "description": "Reduce all damage from a source you have resistance to by half"
  },
  {
    "id": "tg_exotic",
    "name": "EXOTIC GEAR",
    "description": "EXOTIC GEAR is a general tag for equipment that exists outside the traditional licensing system.",
    "filter_ignore": true
  },
  {
    "id": "tg_recharge",
    "name": "RECHARGE {VAL}+",
    "description": "Once this system or weapon has been used, it can’t be used again until it is recharged. At the start of this NPC's turn, roll 1d6: if the result is equal to or greater {VAL}, the equipment can be used again. Only one roll is required for each NPC, even if an NPC has multiple Recharge systems or weapons. If this NPC has two Recharge systems with target numbers of 4+ and 5+, a roll of 5 will recharge both.",
    "filter_ignore": true
  },
  {
    "id": "tg_unlimited",
    "name": "UNLIMITED",
    "description": "This ability can be used any number of times per round.",
    "filter_ignore": true
  },
  {
    "id": "tg_indestructible",
    "name": "INDESTRUCTIBLE",
    "description": "This equipment cannot be marked as Destroyed",
    "filter_ignore": true
  },
  {
    "id": "tg_invulnerable",
    "name": "INVULNERABLE",
    "description": "This equipment is immune to all damage.",
    "filter_ignore": true
  },
  {
    "id": "tg_invisible",
    "name": "INVISIBLE",
    "description": "This unit is Invisible",
    "filter_ignore": true
  },
  {
    "id": "tg_resistall",
    "name": "RESISTANCE (ALL)",
    "description": "This unit has Resistance to all damage types",
    "filter_ignore": true
  },
  {
    "id": "tg_set_max_uses",
    "name": "SET MAX USES",
    "description": "Allow player to set the maximum uses for this equipment (HIDDEN TAG)",
    "hidden": true
  },
  {
    "id": "tg_set_damage_type",
    "name": "SET DAMAGE TYPE",
    "description": "Allow player to set the damage type for this equipment (HIDDEN TAG)",
    "hidden": true
  },
  {
    "id": "tg_set_damage_value",
    "name": "SET DAMAGE VALUE",
    "description": "Allow player to set the damage value for this equipment (HIDDEN TAG)",
    "hidden": true
  },
  {
    "id": "tg_no_cascade",
    "name": "PREVENT CASCADE",
    "description": "Prohibits an AI system from being recognized as a valid target for Cascading (HIDDEN TAG)",
    "hidden": true
  }
]