[
  {
    "id": "t_ace",
    "name": "ACE",
    "icon": "ACE",
    "terse": "Improve your flight systems for rapid repositioning and extreme mobility",
    "description": "Every pilot brags about their actions; occasionally, some even have the reputation to back it up. Harmonious Domesticity is one of these pilots. As an ace, they  aren’t just ranked among the most qualified of pilots – they’re among the most qualified of lancers.<br>Whether you’re a talented rookie or a grizzled veteran, you’re one of these aces. Your skills as a pilot are notorious enough that your callsign is known throughout the system.",
    "ranks": [
      {
        "name": "ACROBATICS",
        "description": "While flying, you get the following benefits:<ul><li>You make all Agility checks and saves with +1 Accuracy.</li><li>Any time an attack misses you, you may fly up to 2 spaces in any direction as a reaction.</li></ul>",
        "synergies": [
          {
            "locations": [
              "agility, active_effects"
            ],
            "detail": "Make all Agility checks and saves with +1 Accuracy."
          }
        ],
        "actions": [
          {
            "name": "Acrobatics",
            "activation": "Reaction",
            "trigger": "Any time an attack misses you.",
            "detail": "You may fly up to 2 spaces in any direction."
          }
        ]
      },
      {
        "name": "AFTERBURNERS",
        "description": "When you Boost while flying, you may move an additional 1d6 spaces, but take heat equal to half that amount.",
        "synergies": [
          {
            "locations": [
              "boost"
            ],
            "detail": "When you Boost while flying, you may move an additional 1d6 spaces, but take heat equal to half that amount."
          }
        ]
      },
      {
        "name": "SUPERSONIC",
        "description": "As a quick action on your turn, you may <b>spin up your thrusters</b>. If you end your turn flying, you may nominate a character within a Range equal to your Speed and within line of sight, and gain the <b>Supersonic</b> Reaction.",
        "actions": [
          {
            "name": "Spin Up Thrusters",
            "activation": "Quick",
            "detail": "As a quick action on your turn, you may spin up your thrusters. If you end your turn flying, you may nominate a character within a Range equal to your Speed and within line of sight, and gain the Supersonic reaction."
          },
          {
            "name": "Supersonic",
            "activation": "Reaction",
            "frequency": "1/round",
            "init": "Requires activation of the <b>Spin Up Thrusters</b> quick action on your turn. If you end your turn flying, you may nominate a character within a Range equal to your Speed and within line of sight, you may use this reaction.",
            "trigger": "Your target’s turn ends.",
            "detail": "You fly to a space free and adjacent to them. There must be a path to do so but you can move even if the nominated character is no longer within your movement range or line of sight. This ignores engagement and does not provoke reactions."
          }
        ]
      }
    ]
  },
  {
    "id": "t_bonded",
    "name": "BONDED",
    "icon": "BONDED",
    "terse": "Bond with a partner and protect them from harm",
    "description": "The galaxy is a dangerous place, and everyone should have a friend to watch their back. Luckily, you’ve found yours. Maybe you enlisted together or were the only survivors of a bloody engagement. Maybe you didn’t start out as friends, or maybe you were raised to fight alongside each other – however your friendship came to be, when it comes time to drop, there’s no one you’d rather have at your side. Alone, you’re deadly; together, you’re a force of nature.",
    "ranks": [
      {
        "name": "I’M YOUR HUCKLEBERRY",
        "description": "When you take this talent, choose another pilot (hopefully a PC, but NPCs are fine if your GM allows it) to be your Bondmate. Any mech skill checks and saves either character makes while you are adjacent gain +1 Accuracy. If both characters have this talent, this increases to +2 Accuracy, but additional characters with this talent can’t increase it any further.<br>Between missions, you can replace your Bondmate with a new one, but only if your relationship with them has changed.",
        "synergies": [
          {
            "locations": [
              "skill_check, active_effects"
            ],
            "detail": "Any mech skill checks and saves either you or your Bondmate makes while you are adjacent gain +1 Accuracy. If both characters have this talent, this increases to +2 Accuracy."
          }
        ]
      },
      {
        "name": "SUNDANCE",
        "description": "Gain the <b>Intercede</b> Reaction.",
        "actions": [
          {
            "name": "Intercede",
            "activation": "Reaction",
            "frequency": "1/round",
            "trigger": "You are adjacent to your Bondmate (pilot or mech) and they take damage from a source within your line of sight.",
            "detail": "You may take the damage instead."
          }
        ]
      },
      {
        "name": "COVER ME!",
        "description": "If a character within your line of sight attempts to attack your Bondmate, you can spend your Overwatch to threaten the attacker, forcing them to either choose a different target or attack anyway: if they attack a different target, your Overwatch is expended without effect; if they choose to attack anyway, you can immediately attack them with Overwatch, as long as they are within Range and line of sight. This attack resolves before the triggering attack.",
        "synergies": [
          {
            "locations": [
              "overwatch, active_effects"
            ],
            "detail": "If a character within your line of sight attempts to attack your Bondmate, you can spend your Overwatch to threaten the attacker, forcing them to either choose a different target or attack anyway: if they attack a different target, your Overwatch is expended without effect; if they choose to attack anyway, you can immediately attack them with Overwatch, as long as they are within Range and line of sight. This attack resolves before the triggering attack."
          }
        ]
      }
    ]
  },
  {
    "id": "t_brawler",
    "name": "BRAWLER",
    "icon": "BRAWLER",
    "terse": "Improve the effectiveness of Improvised Attacks and Grappling",
    "description": "Up close and personal. The way battle was done since the dawn of time, then forgotten with the first spark of gunpowder. Tempest Gloire is one pilot who prefers the old ways: hand-to-hand, weapons discarded, just the strength of her machine versus the strength of all others. You and her both know that the sweetest victory is found at the culmination of a dance as old as war itself, with the first trick known to humanity: a fist to your enemy’s face.",
    "ranks": [
      {
        "name": "HOLD AND LOCK",
        "description": "You gain +1 Accuracy on all melee attacks against targets you are Grappling.",
        "synergies": [
          {
            "locations": [
              "weapon"
            ],
            "weapon_types": [
              "Melee"
            ],
            "weapon_sizes": [
              "any"
            ],
            "detail": "Gain +1 Accuracy on all melee attacks against targets you are Grappling."
          }
        ]
      },
      {
        "name": "SLEDGEHAMMER",
        "description": "Your Improvised Attacks gain Knockback 2 and deal 2d6+2 Kinetic damage.",
        "synergies": [
          {
            "locations": [
              "improvised_attack"
            ],
            "detail": "Your Improvised Attacks gain Knockback 2 and deal 2d6+2 Kinetic damage."
          }
        ]
      },
      {
        "name": "KNOCKOUT BLOW",
        "description": "Gain a Brawler Die, 1d6 starting at 6. Each time you Grapple, Ram, or make an Improvised Attack, lower the value of the Brawler Die by 1. When the Brawler Die reaches 1, you may reset it to 6 and, as a full action, make a Knockout Blow against an adjacent character. The value of your Brawler Die persists between scenes, but it resets to 6 when you rest or perform a Full Repair.",
        "synergies": [
          {
            "locations": [
              "grapple",
              "ram",
              "improvised_attack"
            ],
            "detail": "Lowers the value of your Brawler Die by 1"
          }
        ],
        "actions": [
          {
            "name": "Knockout Blow",
            "activation": "Full",
            "detail": "Reset your Brawler Die to 6 and, as a full action, make a Knockout Blow against an adjacent character. They must pass a Hull save, or take 2d6+2 Kinetic damage and become Stunned until the end of their next turn.<br>This action can only be taken when the value of your Brawler Die is 1."
          }
        ],
        "counters": [
          {
            "id": "ctr_brawler",
            "name": "BRAWLER DIE",
            "default_value": 6,
            "min": 1,
            "max": 6
          }
        ]
      }
    ]
  },
  {
    "id": "t_brutal",
    "name": "BRUTAL",
    "icon": "BRUTAL",
    "terse": "Improve your critical hits, with extra bonuses for natural 20s",
    "description": "In the practice ring as in live combat, Aubrey Deckard only knows one way to fight: as fast and messy as possible. When others go hard, she goes hardest; when the order is to eliminate the enemy, she does so with prejudice. This isn’t a dance, it isn’t a game – it’s war, and Brutal lancers mean to see it through. If that means becoming a little bit of a monster, then so be it: the dead can hate from the grave.",
    "ranks": [
      {
        "name": "PREDATOR",
        "description": "When you roll a 20 on a die for any attack (sometimes called a ‘natural 20’) and critical hit, you deal the maximum possible damage and bonus damage.",
        "synergies": [
          {
            "locations": [
              "weapon"
            ],
            "detail": "Deal the maximum possible damage when you make an attack roll of 20 and make a critical hit."
          }
        ]
      },
      {
        "name": "CULL THE HERD",
        "description": "Your critical hits gain Knockback 1.",
        "synergies": [
          {
            "locations": [
              "weapon"
            ],
            "detail": "Inflict Knockback 1 on a critical hit."
          }
        ]
      },
      {
        "name": "RELENTLESS",
        "description": "When you make an attack roll and miss, your next attack roll gains +1 Accuracy. This effect stacks and persists until you hit.",
        "synergies": [
          {
            "locations": [
              "weapon"
            ],
            "detail": "On a miss, your next attack roll gains +1 Accuracy. This effect stacks and persists until you hit."
          }
        ],
        "counters": [
          {
            "id": "ctr_brutal",
            "name": "BRUTAL DIE",
            "default_value": 0,
            "min": 0,
            "max": 100
          }
        ]
      }
    ]
  },
  {
    "id": "t_crack_shot",
    "name": "CRACK SHOT",
    "icon": "CRACK SHOT",
    "terse": "Steady your aim to gain accuracy, bonus damage, and apply debuffs",
    "description": "Thanks to modern technology, anyone can hit anything these days. Targeting assist. Smart weapons. AIs whispering in people’s ears, moving their hands, squeezing the trigger for them: doing everything but taking credit for the kill. But Strymon Bulis is different. He finds hitting a target is as easy as looking at it, inside of his mech and out. No targeting assist for him; no AI required. All he needs is a zeroed sight, a fresh magazine, and a target downrange...",
    "ranks": [
      {
        "name": "STABLE, STEADY",
        "description": "As a protocol, you may <b>steady your aim</b>. If you do, you become Immobilized until the start of your next turn but gain +1 Accuracy on all attacks you make with Rifles.",
        "actions": [
          {
            "name": "Steady Aim",
            "activation": "Protocol",
            "detail": "Become Immobilized until the start of your next turn but gain +1 Accuracy on all attacks you make with Rifles."
          }
        ],
        "synergies": [
          {
            "locations": [
              "weapon"
            ],
            "weapon_types": [
              "Rifle"
            ],
            "weapon_sizes": [
              "any"
            ],
            "detail": "Gain +1 Accuracy on all attacks you make with this weapon if you have used the <b>Steady Aim</b> Protocol this turn."
          }
        ]
      },
      {
        "name": "ZERO IN",
        "description": "1/round, while <b>steadying your aim</b> and making a ranged attack with a Rifle, you can attempt to hit a weak point: gain +1 Difficulty on the attack roll, and deal +1d6 bonus damage on a critical hit.",
        "synergies": [
          {
            "locations": [
              "weapon"
            ],
            "weapon_types": [
              "Rifle"
            ],
            "weapon_sizes": [
              "any"
            ],
            "detail": "1/round, while <b>steadying your aim</b> and making a ranged attack with this weapon, you can attempt to hit a weak point: gain +1 Difficulty on the attack roll, and deal +1d6 bonus damage on a critical hit"
          }
        ]
      },
      {
        "name": "WATCH THIS",
        "description": "1/round, when you perform a critical hit with a Rifle while steadying your aim, your target must pass a Hull save or you may choose an additional effect for your attack:<ul><li><b>Headshot:</b> They only have line of sight to adjacent spaces until the end of their next turn.</li><li><b>Leg shot:</b> They become Immobilized until the end of their next turn.</li><li><b>Body shot:</b> They are knocked Prone.</li></ul>",
        "synergies": [
          {
            "locations": [
              "weapon"
            ],
            "weapon_types": [
              "Rifle"
            ],
            "weapon_sizes": [
              "any"
            ],
            "detail": "1/round, when you perform a critical hit with this weapon while <b>steadying your aim</b>, your target must pass a Hull save or you may choose an additional effect for your attack:<ul><li><b>Headshot:</b> They only have line of sight to adjacent spaces until the end of their next turn.</li><li><b>Leg shot:</b> They become Immobilized until the end of their next turn.</li><li><b>Body shot:</b> They are knocked Prone.</li></ul>"
          }
        ]
      }
    ]
  },
  {
    "id": "t_centimane",
    "name": "CENTIMANE",
    "icon": "CENTIMANE",
    "terse": "Debuff and control enemies with critical hits from Nexus weapons",
    "description": "In the aftermath of the attack on Tartarus Bay, an anonymous source identified agents of the Karrakin Royal Intelligence Service as the culprits. The Baronies quickly released a statement of denial, which was never countered with hard evidence. Rumors of raw footage from the attack were unsubstantiated. Public reaction – anger, terror – to the station’s destruction quieted. The corpse of Tartarus Bay was shunted away from its stable orbit, directed toward the nearest star.<br>A month later, Baronies-local omninet was flooded with previously suppressed footage from the attack on the station, confirming the rumors: Baronic agents did release the greywash swarm into Tartarus Bay. Further data dumps by Ungrateful agents indicated the existence of a secret Baronic intelligence outfit: the Centimane – the Hundred Hands.",
    "ranks": [
      {
        "name": "TEN THOUSAND TEETH",
        "description": "1/round, when you perform a critical hit with a Nexus, your target must pass a Systems save or become Impaired and Slowed until the end of their next turn.",
        "synergies": [
          {
            "locations": [
              "weapon"
            ],
            "weapon_types": [
              "Nexus"
            ],
            "weapon_sizes": [
              "any"
            ],
            "detail": "1/round, when you perform a critical hit with this weapon, your target must pass a Systems save or become Impaired and Slowed until the end of their next turn."
          }
        ]
      },
      {
        "name": "EXPOSE WEAKNESS",
        "description": "When you consume Lock On as part of an attack with a Nexus or Drone and perform a critical hit, your target becomes Shredded until the start of your next turn.",
        "synergies": [
          {
            "locations": [
              "weapon",
              "system"
            ],
            "weapon_types": [
              "Nexus"
            ],
            "system_types": [
              "Drone"
            ],
            "weapon_sizes": [
              "any"
            ],
            "detail": "When you consume Lock On as part of an attack with this weapon and perform a critical hit, your target becomes Shredded until the start of your next turn."
          }
        ]
      },
      {
        "name": "TIDAL SUPPRESSION",
        "description": "This replaces Ten Thousand Teeth.<br>1/round, when you perform a critical hit with a Nexus, your target must succeed on a Systems save or you may choose an additional effect for your attack that lasts until the end of their next turn:<ul><li><b>Harrying Swarm:</b> They become Impaired and Slowed.</li><li><b>Blinding Swarm:</b> They only have line of sight to adjacent squares.</li><li><b>Virulent Swarm:</b> They become Shredded. Any adjacent characters of your choice must also make a Systems save or become Shredded.</li><li><b>Restricting Swarm:</b> They take 1 Burn each time they take an action or reaction.</li></ul>",
        "synergies": [
          {
            "locations": [
              "weapon"
            ],
            "weapon_types": [
              "Nexus"
            ],
            "weapon_sizes": [
              "any"
            ],
            "detail": "This replaces Ten Thousand Teeth.<br>1/round, when you perform a critical hit with this weapon, your target must succeed on a Systems save or you may choose an additional effect for your attack that lasts until the end of their next turn:<ul><li><b>Harrying Swarm:</b> They become Impaired and Slowed.</li><li><b>Blinding Swarm:</b> They only have line of sight to adjacent squares.</li><li><b>Virulent Swarm:</b> They become Shredded. Any adjacent characters of your choice must also make a Systems save or become Shredded.</li><li><b>Restricting Swarm:</b> They take 1 Burn each time they take an action or reaction.</li></ul>"
          }
        ]
      }
    ]
  },
  {
    "id": "t_combined_arms",
    "name": "COMBINED ARMS",
    "icon": "COMBINED ARMS",
    "terse": "Become more effective when using both Ranged and Melee weapons in close quarters",
    "description": "True strength in combat doesn’t come from mastering the blade or the gun – it comes from knowing how to use both. Through time and training, Leika McGraff has combined the arts of melee and ranged combat into a single deadly combination. No matter the foe, Leika is a deadly threat; no matter the weapon, Leika is a master of its employ.",
    "ranks": [
      {
        "name": "SHIELD OF BLADES",
        "description": "As long as you’re Engaged, you and any allies adjacent to you count as having soft cover.",
        "synergies": [
          {
            "locations": [
              "active_effects",
              "disengage"
            ],
            "weapon_types": [
              "any"
            ],
            "detail": "As long as you’re Engaged, you and any allies adjacent to you count as having soft cover."
          }
        ]
      },
      {
        "name": "CQB-TRAINED",
        "description": "You don’t gain Difficulty from being Engaged.",
        "synergies": [
          {
            "locations": [
              "active_effects",
              "disengage"
            ],
            "weapon_types": [
              "any"
            ],
            "detail": "You don’t gain Difficulty from being Engaged."
          }
        ]
      },
      {
        "name": "STORM OF VIOLENCE",
        "description": "Whenever you hit a character with a melee attack, you gain +1 Accuracy on your next ranged attack against them; and, whenever you hit a character with a ranged attack, you gain +1 Accuracy on your next melee attack against them. This effect doesn’t stack.",
        "synergies": [
          {
            "locations": [
              "weapon"
            ],
            "detail": "Whenever you hit a character with a melee attack, you gain +1 Accuracy on your next ranged attack against them; and, whenever you hit a character with a ranged attack, you gain +1 Accuracy on your next melee attack against them. This effect doesn’t stack."
          }
        ]
      }
    ]
  },
  {
    "id": "t_duelist",
    "name": "DUELIST",
    "icon": "DUELIST",
    "terse": "Improve your Main Melee attacks and gain Blademaster Dice when you hit",
    "description": "There can be an elegance to the way a mech moves – an alacrity that elevates it beyond the simple strength of machine and cannon. The difference is in the tools. Ethan \"Orion\" Miller wields weapons crafted by artisans, boutique manufacturers, specialty lines from the big five, blades that hark back to a time where combat was quick but fair – back to a time where skill meant more than landing an accurate shot. With a blade, lance, pick, axe, or hammer in their hand, Orion writes old tales anew.",
    "ranks": [
      {
        "name": "PARTISAN",
        "description": "Gain +1 Accuracy on the first melee attack you make with a Main Melee weapon on your turn.",
        "synergies": [
          {
            "locations": [
              "weapon"
            ],
            "weapon_types": [
              "Melee"
            ],
            "weapon_sizes": [
              "Main"
            ],
            "detail": "Gain +1 Accuracy on the first melee attack you make with a Main Melee weapon on your turn."
          }
        ],
        "counters": [
          {
            "id": "ctr_duelist",
            "name": "BLADEMASTER DICE",
            "default_value": 0,
            "min": 0,
            "max": 3
          }
        ]
      },
      {
        "name": "BLADEMASTER",
        "description": "1/round, when you hit with a Main Melee weapon, you gain 1 Blademaster Die – a d6 – up to a maximum of 3 Blademaster Die. They last until expended or the current scene ends. You can expend Blademaster Dice 1-for-1 for the following:<ul><li><b>Parry:</b> As a reaction when you’re hit by a melee attack, you gain Resistance to all damage, heat, and burn dealt by the attack.</li><li><b>Deflect:</b> As a reaction when you’re hit by a ranged attack, you may roll any number of Blademaster Dice, expending them: if you roll a 5+ on any of these dice, you gain Resistance to all damage, heat, and burn dealt by the attack.</li><li><b>Feint:</b> As a free action, choose an adjacent character: when moving, you ignore engagement and don’t provoke reactions from your target until the start of your next turn.</li><li><b>Trip:</b> As a quick action, choose an adjacent character: they must pass an Agility save or fall Prone. Whatever the result, you may freely pass through their space until the end of your current turn, although you can’t end your turn in their space.</li></ul>",
        "synergies": [
          {
            "locations": [
              "weapon"
            ],
            "weapon_types": [
              "Melee"
            ],
            "weapon_sizes": [
              "Main"
            ],
            "detail": "1/round, when you hit with a Main Melee weapon, gain 1 Blademaster Die."
          }
        ]
      },
      {
        "name": "UNSTOPPABLE",
        "description": "1/round, when you hit with a melee attack on your turn, you may spend a Blademaster Die to immediately Grapple or Ram your target as a free action after the attack has been resolved.",
        "synergies": [
          {
            "locations": [
              "weapon"
            ],
            "weapon_types": [
              "Melee"
            ],
            "weapon_sizes": [
              "any"
            ],
            "detail": "1/round, when you hit with this weapon on your turn, you may spend a Blademaster Die to immediately Grapple or Ram your target as a free action after the attack has been resolved."
          }
        ]
      }
    ]
  },
  {
    "id": "t_drone_commander",
    "name": "DRONE COMMANDER",
    "icon": "DRONE COMMANDER",
    "terse": "Improve and empower your Drone Systems to help allies and hurt enemies",
    "description": "For a pilot fresh out of boot, keeping a drone swarm in line is like trying to carry water with a net. If they seem to have a mind of their own, it’s because they do, and it’s not that smart. Clymene Kanalakos’s initial frustration was enough to get her practicing, and practice pays off. Now, her swarm obeys almost before she orders – an unnerving development, but a useful one. The swarm is hers.",
    "ranks": [
      {
        "name": "SHEPHERD",
        "description": "Your Drone systems gain +5 HP. Additionally, gain the <b>Shepherd Drone</b> Protocol.",
        "synergies": [
          {
            "locations": [
              "system"
            ],
            "system_types": [
              "Drone"
            ],
            "detail": "This Drone system gains +5 HP. As a protocol, you may move one this drone up to 4 spaces if it is within Sensors."
          }
        ],
        "actions": [
          {
            "name": "Shepherd Drone",
            "activation": "Protocol",
            "detail": "Move a drone you control up to 4 spaces if it is within Sensors."
          }
        ],
        "bonuses": [
          {
            "id": "drone_hp",
            "val": 5
          }
        ]
      },
      {
        "name": "ENERGIZED SWARM",
        "description": "1/round, when you make an attack that consumes the Lock On condition, your Drones immediately emit a vicious pulse of energy. All characters of your choice within Burst 1 areas centered on each of your drones take 1d6 Energy damage. Each character can only be affected by the pulse from one drone, even if the areas overlap.",
        "synergies": [
          {
            "locations": [
              "system"
            ],
            "system_types": [
              "Drone"
            ],
            "detail": "1/round, when you make an attack that consumes the Lock On condition, your Drones immediately emit a vicious pulse of energy. All characters of your choice within Burst 1 areas centered on each of your drones take 1d6 Energy damage. Each character can only be affected by the pulse from one drone, even if the areas overlap."
          }
        ]
      },
      {
        "name": "INVIGORATE",
        "description": "Gain the <b>Invigorate</b> Quick Action.",
        "actions": [
          {
            "name": "Invigorate",
            "activation": "Quick",
            "detail": "Send a pulse of energy to an allied character (including Drones) within Range 3, drawing a Line to them. You may extend the pulse from your target to another allied character, extending the Line to them, as long as they are within Range 3, and you may continue extending the pulse (and Line) like this as long as you don’t target the same character twice. Allied characters who are used as pulse targets or are in the Line’s path gain 4 Overshield; hostile characters in the Line’s path take 2 Energy damage instead."
          }
        ]
      }
    ]
  },
  {
    "id": "t_engineer",
    "name": "ENGINEER",
    "icon": "ENGINEER",
    "terse": "Create an experimental weapon for your mech that you can modify and improve",
    "description": "Pilots are creative and driven people, but Mesa Rownett is an exceptional case – excessively so, some would say. In his spare time, he’s managed to scrape together just enough scrap, requisitioned materials, and workshop space to apply a little old-fashioned ingenuity to his mech, fashioning it to a formidable machine not betrayed by its outward appearance.",
    "ranks": [
      {
        "name": "PROTOTYPE",
        "description": "When you perform a Full Repair, you can, with some trial and error, install a prototype weapon system on your mech. You may choose characteristics for your prototype weapon based on the following profile each time you perform a Full Repair, rerolling 1d6+2 to determine Limited each time:<br>Prototype Weapon<br>Main [Melee, CQB, Rifle, Cannon, Launcher, Nexus], Limited [1d6+2], Overkill<br>This weapon is an experimental prototype, customized according to your specific requirements.<br>When you install it, or during a Full Repair, you may choose a new weapon type, damage type, and either Threat 1 (melee) or Range 10 (all other types). Additionally, each time you perform a Full Repair, reroll 1d6+2 to determine this weapon’s Limited uses.<br>Damage: 1d6+2 Kinetic, Explosive or energy.<br>This weapon counts as an integrated mount and does not require a mount.",
        "integrated": [
          "mw_prototype_1"
        ],
        "exclusive": true
      },
      {
        "name": "REVISION",
        "description": "You can tweak the essential components of your prototype weapon in order to increase its effectiveness. When you perform a Full Repair, choose two:<ul><li><b>Tweaked Optics:</b> Your prototype weapon always gains +1 Accuracy on attacks.</li><li><b>Tweaked Computer:</b> Your prototype weapon is Smart.</li><li><b>Stripped reactor shielding:</b> Each time you attack with your prototype weapon, you may choose – at the cost of 2 Heat – to attack with one of the following options, depending on its weapon type:<ul><li><b>Ranged weapon:</b> Cone 3, Line 5, or [Blast 1, Range 10].</li><li><b>Melee weapon:</b> Burst 1.</li></ul></li></ul>",
        "integrated": [
          "mw_prototype_2"
        ],
        "exclusive": true
      },
      {
        "name": "FINAL DRAFT",
        "description": "Your prototype weapon is now Limited [2d6] and deals 1D6+4 damage.",
        "integrated": [
          "mw_prototype_3"
        ],
        "exclusive": true
      }
    ]
  },
  {
    "id": "t_executioner",
    "name": "EXECUTIONER",
    "icon": "EXECUTIONER",
    "terse": "Improve Heavy and Superheavy Melee attacks with more opportunities to deal damage",
    "description": "On the battlefield, there is no end more honorable than a clean death in combat. Axe or maul in hand, Maxie Wolf sees to it that her enemies are blessed with that honor. No one lives forever – she makes sure of it.",
    "ranks": [
      {
        "name": "BACKSWING CUT",
        "description": "1/round, when you hit with a Heavy or Superheavy melee weapon, you can make another melee attack with the same weapon as a free action against a different character within Threat and line of sight. This attack deals half damage, if successful.",
        "synergies": [
          {
            "locations": [
              "weapon"
            ],
            "weapon_types": [
              "Melee"
            ],
            "weapon_sizes": [
              "Heavy",
              "Superheavy"
            ],
            "detail": "1/round, when you hit with this weapon, you can make another melee attack with this same weapon as a free action against a different character within Threat and line of sight. This attack deals half damage, if successful."
          }
        ]
      },
      {
        "name": "WIDE ARC CLEAVE",
        "description": "The first time in a round that you perform a critical hit with a Heavy or Superheavy melee weapon, you deal 3 Kinetic damage to all characters and objects of your choice within Threat, other than the one you just attacked.",
        "synergies": [
          {
            "locations": [
              "weapon"
            ],
            "weapon_types": [
              "Melee"
            ],
            "weapon_sizes": [
              "Heavy",
              "Superheavy"
            ],
            "detail": "The first time in a round that you perform a critical hit with this or any other equipped Heavy or Superheavy melee weapon, you deal 3 Kinetic damage to all characters and objects of your choice within Threat, other than the one you just attacked."
          }
        ]
      },
      {
        "name": "NO ESCAPE",
        "description": "1/round, when you miss with a melee attack, you reroll it against a different target within Threat and line of sight.",
        "synergies": [
          {
            "locations": [
              "weapon"
            ],
            "weapon_types": [
              "Melee"
            ],
            "weapon_sizes": [
              "any"
            ],
            "detail": "1/round, when you miss with a melee attack, you reroll it against a different target within Threat and line of sight."
          }
        ]
      }
    ]
  },
  {
    "id": "t_exemplar",
    "name": "EXEMPLAR",
    "icon": "EXEMPLAR",
    "terse": "Challenge your foes, forcing them to fight you instead of your allies",
    "description": "Eamon Metrias’s livery is famous, his voice brassy, his weapons polished to a sheen. As the advocate for the Nine Spheres, his training with certain martial orders has given him the power to harry and hinder even the most powerful of foes. Eamon is an exemplar of the Spheres, by words and by action.",
    "ranks": [
      {
        "name": "HONORABLE CHALLENGE",
        "description": "The first time on your turn that you attack a hostile character within Range 3, hit or miss, you may give them the Exemplar’s Mark as a free action. Characters can only have one Exemplar’s Mark at a time – new marks from any character replace existing marks.<br>The character has the Exemplar’s Mark until the start of your next turn, and while they have it, you gain the <b>Valiant Aid</b> Reaction.",
        "actions": [
          {
            "name": "Valiant Aid",
            "activation": "Reaction",
            "frequency": "1/round",
            "init": "Requires a hostile character has been given your Exemplar's Mark",
            "trigger": "Ally attacks your mark and misses.",
            "detail": "Your ally may reroll the attack. They must use the second result, even if it’s worse."
          }
        ]
      },
      {
        "name": "PUNISHMENT",
        "description": "1/round, when the character with your Mark attacks a character within Range 3 of you, other than you, they trigger your Overwatch.",
        "synergies": [
          {
            "locations": [
              "active_effects"
            ],
            "detail": "1/round, when the character with your Mark attacks a character within Range 3 of you, other than you, they trigger your Overwatch."
          }
        ]
      },
      {
        "name": "TO THE DEATH",
        "description": "As a free action when you mark a character, you may challenge them in a duel to the death: you and the character with your Mark receive +3 Difficulty on attacks against characters or objects other than each other until either the end of the current scene or one of your mechs are destroyed. If they take any action that includes an attack roll against you, hit or miss, this effect ceases for them until the start of your next turn.<br>While To The Death is active, you cannot voluntarily move away from the character with your Mark; additionally, your Mark lasts either until the end of the current scene or one of your mechs are destroyed, and you cannot Mark any new characters.",
        "actions": [
          {
            "name": "Duel To The Death",
            "activation": "Free",
            "detail": "Challenge your marked target to a duel to the death: you and the character with your Mark receive +3 Difficulty on attacks against characters or objects other than each other until either the end of the current scene or one of your mechs are destroyed. If they take any action that includes an attack roll against you, hit or miss, this effect ceases for them until the start of your next turn.<br>While To The Death is active, you cannot voluntarily move away from the character with your Mark; additionally, your Mark lasts either until the end of the current scene or one of your mechs are destroyed, and you cannot Mark any new characters."
          }
        ]
      }
    ]
  },
  {
    "id": "t_gunslinger",
    "name": "GUNSLINGER",
    "icon": "GUNSLINGER",
    "terse": "Make your Auxiliary Ranged weapons deadlier and gain the powerful Gunslinger Die",
    "description": "In a galaxy bounded by frontiers, there is no law but the one backed by the gun. Sgt. Stev Ansahok wields the humble pistol with a talent unseen in this age, his iron an extension of his own body. As easy as pointing a finger, the weathered sergeant lands shots with accuracy unmatched by machine. His is a gunslinger: justice made whole, given its sacred instrument, and set out to the cruel frontier to tame it.",
    "ranks": [
      {
        "name": "OPENING ARGUMENT",
        "description": "Gain +1 Accuracy on the first attack roll you make with an Auxiliary ranged weapon on your turn.",
        "synergies": [
          {
            "locations": [
              "weapon"
            ],
            "weapon_types": [
              "Rifle",
              "Cannon",
              "Launcher",
              "CQB",
              "Nexus"
            ],
            "weapon_sizes": [
              "Auxiliary"
            ],
            "detail": "Gain +1 Accuracy on the first attack roll you make with an Auxiliary ranged weapon on your turn."
          }
        ]
      },
      {
        "name": "FROM THE HIP",
        "description": "Gain the <b>Return Fire</b> Reaction.",
        "actions": [
          {
            "name": "Return Fire",
            "activation": "Reaction",
            "frequency": "1/round",
            "trigger": "A character hits you with a ranged attack.",
            "detail": "You may immediately attack them with a single Auxiliary ranged weapon if they are within Range."
          }
        ]
      },
      {
        "name": "I KILL WITH MY HEART",
        "description": "You gain a Gunslinger Die, 1d6 starting at 6. Each time you hit with an Auxiliary ranged weapon, reduce the value of the Gunslinger Die by 1. When the Gunslinger Die reaches 1, you may reset it to 6 to give +2d6 bonus damage on hit and AP to your next attack with an Auxiliary ranged weapon. This attack also ignores cover. The value of your Gunslinger Die persists between scenes but resets to 6 when you rest or perform a Full Repair.",
        "synergies": [
          {
            "locations": [
              "weapon"
            ],
            "weapon_types": [
              "Rifle",
              "Cannon",
              "Launcher",
              "CQB",
              "Nexus"
            ],
            "weapon_sizes": [
              "Auxiliary"
            ],
            "detail": "Each time you hit with this weapon, reduce the value of the Gunslinger Die by 1"
          }
        ],
        "counters": [
          {
            "id": "ctr_gunslinger",
            "name": "GUNSLINGER DIE",
            "level": 3,
            "default_value": 6,
            "min": 1,
            "max": 6
          }
        ]
      }
    ]
  },
  {
    "id": "t_grease_monkey",
    "name": "GREASE MONKEY",
    "icon": "GREASE MONKEY",
    "terse": "Get more out of Limited systems, repairs, and the Stabilize action",
    "description": "Eel knows more about the inner workings of a mech than most mechanics. To them, the beast they pilot is more than a machine: it’s a living thing, in need of tender care given by a wise and steady hand. Eel maintains their own house and keeps their own mech in line, both on the battlefield and off. The mechanics back at base come to them with questions, but usually prefer to stay away – there’s something spooky about how Eel's beast runs.",
    "ranks": [
      {
        "name": "UNSANCTIONED CAPACITY UPGRADE",
        "description": "While resting, you can spend 2 Repairs to replenish 1 use of all Limited weapons and systems.",
        "synergies": [
          {
            "locations": [
              "rest"
            ],
            "detail": "While resting, you can spend 2 Repairs to replenish 1 use of all Limited weapons and systems."
          }
        ]
      },
      {
        "name": "MACHINE BOND",
        "description": "When you STABILIZE, you clear all IMPAIRED, JAMMED, IMMOBILIZED, SLOWED, and LOCK ON conditions that weren’t caused by your own systems, talents, etc.",
        "synergies": [
          {
            "locations": [
              "stabilize"
            ],
            "detail": "When you STABILIZE, you clear all IMPAIRED, JAMMED, IMMOBILIZED, SLOWED, and LOCK ON conditions that weren’t caused by your own systems, talents, etc."
          }
        ]
      },
      {
        "name": "FRIENDS IN HIGH PLACES",
        "description": "Once per mission while resting, you can call in a supply drop. You and your allies may replenish 1 use of all Limited weapons and systems and restore 1 Structure. This doesn’t require any Repairs and can be used even if you have reached your Repair Cap.",
        "synergies": [
          {
            "locations": [
              "rest"
            ],
            "detail": "Once per mission while resting, you can call in a supply drop. You and your allies may replenish 1 use of all Limited weapons and systems and restore 1 Structure. This doesn’t require any Repairs and can be used even if you have reached your Repair Cap."
          }
        ]
      }
    ]
  },
  {
    "id": "t_hacker",
    "name": "HACKER",
    "icon": "HACKER",
    "terse": "Improve your tech attacks and unlock special Invade options",
    "description": "Since Katya Han was a kid, she played the omninet, able to access any public node – and even a few private ones – with ease. Now, as a pilot, she dives headfirst into the hardcode of any mech core she come across. Firewalls, gatekeeper protocols, invasion, defense – nothing stands in her way. Han wins fights without firing a single shot; if her enemy can’t control their own mech, then they can’t do anything to stop her.",
    "ranks": [
      {
        "name": "SNOW_CRASH",
        "description": "When you hit with a tech attack that consumes Lock On, your target must choose to either take 2 Heat or be pushed 3 spaces in a direction of your choice.",
        "synergies": [
          {
            "locations": [
              "tech"
            ],
            "detail": "When you hit with a tech attack that consumes Lock On, your target must choose to either take 2 Heat or be pushed 3 spaces in a direction of your choice."
          }
        ]
      },
      {
        "name": "SAFE_CRACKER",
        "description": "Gain the following options for Invade:",
        "actions": [
          {
            "name": "Jam Cockpit",
            "activation": "Invade",
            "detail": "Characters may not Mount or Dismount your target until the cockpit is fixed with a successful Engineering check as a full action."
          },
          {
            "name": "Disable Life Support",
            "activation": "Invade",
            "detail": "Your target receives +1 Difficulty on all saves until the life-support system is rebooted with a successful Systems check as a quick action."
          },
          {
            "name": "Hack./Slash",
            "activation": "Invade",
            "detail": "Your target cannot benefit from or take Quick or Full Tech actions until the mech is either Shut Down or its core computer is rebooted with a successful Systems check as a quick action."
          }
        ]
      },
      {
        "name": "LAST ARGUMENT OF KINGS",
        "description": "Gain the <b>Last Argument of Kings</b> Full Tech option.",
        "actions": [
          {
            "activation": "Full Tech",
            "name": "Last Argument of Kings",
            "tech_attack": true,
            "detail": "Make a tech attack against a target within Sensors and line of sight. On a success, you implant a virus that triggers a minor meltdown in your target’s reactor: they immediately take Burn equal to their current Heat. If this action causes your target to overheat, it resolves before they reset their Heat Cap."
          }
        ]
      }
    ]
  },
  {
    "id": "t_heavy_gunner",
    "name": "HEAVY GUNNER",
    "icon": "HEAVY GUNNER",
    "terse": "Pin enemies down with Heavy Ranged weapons",
    "description": "Behind the line, Mike Manfrin doesn’t have much to do but wait and make ready. He keeps clean the cannons; makes ordered rows of his shot and shell. He packs sandbags onto earthen berms and stitches closed tears in the sheaths over his chassis’ joints.<br>In an instant, everything changes. Chatter over the local omni. The percussive throb of the medivac lifting off from the other side of the base. Somewhere, a firefight. This is his entrance music, his call to join the fight: a desperate cry for help from a distant friend as the enemy draws close. Time to get to work.<br>His arrival is known by the flight of his shells across the sky, the trembling earth, and the dust that once was.",
    "ranks": [
      {
        "name": "COVERING FIRE",
        "description": "Gain the <b>Covering Fire</b> Quick Action.",
        "actions": [
          {
            "name": "Covering Fire",
            "activation": "Quick",
            "detail": "Choose a character within line of sight and Range of one of your Heavy ranged weapons, and within 10 spaces: they are Impaired until the start of your next turn. For the duration, if your target moves more than 1 space, they clear Impaired, but you may attack them as a reaction with a Heavy ranged weapon for half damage, Heat, or Burn, and then this effect ends. You can make this attack at any point during their movement (e.g., waiting until they exit cover).<br>Covering Fire can only affect one character at a time – subsequent uses replace previous ones – and it immediately ends if your target damages you."
          }
        ]
      },
      {
        "name": "HAMMERBEAT",
        "description": "If you successfully hit your Covering Fire target with the attack reaction granted by that talent, your target is Immobilized until the end of their next turn.",
        "synergies": [
          {
            "locations": [
              "active_effects"
            ],
            "detail": "If you successfully hit with the attack granted by <b>Covering Fire</b>, your target is Immobilized until the end of their next turn."
          }
        ]
      },
      {
        "name": "BRACKETING FIRE",
        "description": "When you use <b>Covering Fire</b>, you may choose two targets instead of one. Each target triggers and resolves your attack separately, and damage from one target only ends the effect on that target.",
        "synergies": [
          {
            "locations": [
              "active_effects"
            ],
            "detail": "When you use <b>Covering Fire</b>, you may choose two targets instead of one. Each target triggers and resolves your attack separately, and damage from one target only ends the effect on that target."
          }
        ]
      }
    ]
  },
  {
    "id": "t_hunter",
    "name": "HUNTER",
    "icon": "HUNTER",
    "terse": "Gain mobility and range when using Auxiliary Melee weapons",
    "description": "The battlefield is Edith Eidelen’s hunting ground, her domain. It’s only through a true test of strength and guile that will determine who is the predator and who is the prey. Her movement across the field is a prowl: silent, quick, and controlled. In a chassis, she excels in close combat, closing the gap between her and her targets before they can bring their guns to bear.",
    "ranks": [
      {
        "name": "LUNGE",
        "description": "1/round, when you attack with an Auxiliary melee weapon, you may fly up to 3 spaces directly towards the targeted character before the attack. This movement ignores engagement and doesn’t provoke reactions.",
        "synergies": [
          {
            "locations": [
              "weapon"
            ],
            "weapon_types": [
              "Melee"
            ],
            "weapon_sizes": [
              "Auxiliary"
            ],
            "detail": "1/round, when you attack with an Auxiliary melee weapon, you may fly up to 3 spaces directly towards a targeted character before the attack. This movement ignores engagement and doesn’t provoke reactions."
          }
        ]
      },
      {
        "name": "KNIFE JUGGLER",
        "description": "All your Auxiliary melee weapons gain Thrown 5, if they don’t have this property already – if they already have Thrown, it increases to Thrown 5. At the end of your turn, all weapons you have thrown this turn automatically return to you.",
        "synergies": [
          {
            "locations": [
              "weapon"
            ],
            "weapon_types": [
              "Melee"
            ],
            "weapon_sizes": [
              "Auxiliary"
            ],
            "detail": "This weapon gains Thrown 5 and will return to you at the end if your turn if thrown."
          }
        ]
      },
      {
        "name": "DISDAINFUL BLADE",
        "description": "1/round, when you hit a character with a melee attack, you may also throw an Auxiliary melee weapon as an attack against any character within Range as a free action. This attack can’t deal bonus damage.",
        "synergies": [
          {
            "locations": [
              "weapon"
            ],
            "weapon_types": [
              "Melee"
            ],
            "weapon_sizes": [
              "any"
            ],
            "detail": "1/round, when you hit a character with a melee attack, you may also throw an Auxiliary melee weapon as an attack against any character within Range as a free action. This attack can’t deal bonus damage."
          }
        ]
      }
    ]
  },
  {
    "id": "t_infiltrator",
    "name": "INFILTRATOR",
    "icon": "INFILTRATOR",
    "terse": "Improve your Hide action and perform debilitating sneak attacks",
    "description": "Whether by spoofing signatures on enemy scanners, moving skillfully through cover, or thanks to your modded optical camouflage, you’re never seen unless you want to be. Whatever the size of the mech, whatever the terrain, whatever the enemy, you can get in and get out without raising alarm.",
    "ranks": [
      {
        "name": "PROWL",
        "description": "During your turn, gain the following benefits:<ul><li>Entering line of sight of hostile characters or moving from cover does not stop you from being Hidden.</li><li>You can pass freely through – but not end your turn in – enemy spaces.</li><li>You can Hide even in plain sight of enemies.<br>These effects immediately end when your turn ends (so you lose Hidden if you’re still in line of sight or out of cover at that time).</li></ul>",
        "synergies": [
          {
            "locations": [
              "active_effects"
            ],
            "detail": "Entering line of sight of hostile characters or moving from cover does not stop you from being Hidden. This effect immediately ends when your turn ends."
          },
          {
            "locations": [
              "active_effects"
            ],
            "detail": "You can pass freely through – but not end your turn in – enemy spaces. This effect immediately ends when your turn ends."
          },
          {
            "locations": [
              "active_effects"
            ],
            "detail": "You can Hide even in plain sight of enemies. This effect immediately ends when your turn ends."
          }
        ]
      },
      {
        "name": "AMBUSH",
        "description": "When you start your turn Hidden, the first attack roll of any type that you make sends your target reeling on a hit. Your target must succeed on a Hull save or become Slowed, Impaired, and unable to take reactions until the end of their next turn.",
        "synergies": [
          {
            "locations": [
              "weapon"
            ],
            "detail": "When you start your turn Hidden, the first attack roll of any type that you make sends your target reeling on a hit. Your target must succeed on a Hull save or become Slowed, Impaired, and unable to take reactions until the end of their next turn."
          }
        ]
      },
      {
        "name": "MASTERMIND",
        "description": "When you lose Hidden (by any means), you may first fire a flash bomb at any adjacent character. That character must pass a Systems save or only be able to draw line of sight to adjacent spaces until the end of their next turn.<br>You can then move up to your speed, ignoring engagement and not provoking reactions, and are then revealed normally.",
        "synergies": [
          {
            "locations": [
              "active_effects"
            ],
            "detail": "When you lose Hidden (by any means), you may first fire a flash bomb at any adjacent character. That character must pass a Systems save or only be able to draw line of sight to adjacent spaces until the end of their next turn.<br>You can then move up to your speed, ignoring engagement and not provoking reactions, and are then revealed normally."
          }
        ]
      }
    ]
  },
  {
    "id": "t_juggernaut",
    "name": "JUGGERNAUT",
    "icon": "JUGGERNAUT",
    "terse": "Improve the effectiveness and utility of ramming",
    "description": "A bloody nose and a few loose screws aren’t enough to stop you from hurling yourself headlong into the enemy. You’re in a couple tons of metal powered by a sliver of dying star, and you’re going to make sure everyone else knows it.",
    "ranks": [
      {
        "name": "MOMENTUM",
        "description": "When you Boost, your next Ram before the start of your next turn gains +1 Accuracy and knocks your target back an additional 2 spaces.",
        "synergies": [
          {
            "locations": [
              "boost"
            ],
            "detail": "When you Boost, your next Ram before the start of your next turn gains +1 Accuracy and knocks your target back an additional 2 spaces."
          },
          {
            "locations": [
              "ram"
            ],
            "detail": "If you have boosted this turn, a Ram before the start of your next turn gains +1 Accuracy and knocks your target back an additional 2 spaces."
          }
        ]
      },
      {
        "name": "KINETIC MASS TRANSFER",
        "description": "1/round, if you Ram a target into...<ul><li>...a space occupied by another character, the other character must succeed on a Hull save or be knocked Prone.</li><li>...an obstruction large enough to stop their movement, your target takes 1d6 kinetic damage.</li></ul>",
        "synergies": [
          {
            "locations": [
              "ram"
            ],
            "detail": "1/round, if you Ram a target into...<ul><li>...a space occupied by another character, the other character must succeed on a Hull save or be knocked Prone.</li><li>...an obstruction large enough to stop their movement, your target takes 1d6 kinetic damage.</li></ul>"
          }
        ]
      },
      {
        "name": "UNSTOPPABLE FORCE",
        "description": "1/round, when you Boost, you may supercharge your mech’s servos. Move your maximum speed in a straight line, take 1d3+3 Heat, and gain the following benefits:<ul><li>You can freely pass through characters the same Size as your mech or smaller; any characters passed through must succeed on a Hull save or be knocked Prone.</li><li>Any terrain, walls, or other stationary obstructions you attempt to pass through receive 20 Kinetic AP damage. If that is enough to destroy them, you pass through; otherwise, your movement ends.</li><li>You ignore difficult terrain.</li><li>Your movement ignores engagement and doesn’t provoke reactions.</li></ul>",
        "synergies": [
          {
            "locations": [
              "boost"
            ],
            "detail": "1/round, when you Boost, you may supercharge your mech’s servos. Move your maximum speed in a straight line, take 1d3+3 Heat, and gain the following benefits:<ul><li>You can freely pass through characters the same Size as your mech or smaller; any characters passed through must succeed on a Hull save or be knocked Prone.</li><li>Any terrain, walls, or other stationary obstructions you attempt to pass through receive 20 Kinetic AP damage. If that is enough to destroy them, you pass through; otherwise, your movement ends.</li><li>You ignore difficult terrain.</li><li>Your movement ignores engagement and doesn’t provoke reactions.</li></ul"
          }
        ]
      }
    ]
  },
  {
    "id": "t_leader",
    "name": "LEADER",
    "icon": "LEADER",
    "terse": "Improve your allies' rolls during combat with Leadership Dice",
    "description": "Whatever your actual age, you’re the Old Man of the battlefield. A light to your friends and allies; the resolute eye of a howling storm. Your steady voice, confident stance, and talent for command set allies at ease because they know you’ll lead them to victory every time. With you at the helm, victory is attainable, and heroes seem a little more real.",
    "ranks": [
      {
        "name": "FIELD COMMANDER",
        "description": "Gain 3 Leadership Dice, which are d6s, and gain the Issue Order Free Action.<br>You can’t use Leadership Dice from other characters as long as you have any remaining. If you have none, you regain 1 Leadership Die when you rest or regain all when you perform a Full Repair.<br>Leadership dice are consumed when expended.",
        "actions": [
          {
            "name": "Issue Order",
            "activation": "Free",
            "detail": "1/turn, on your turn as a free action, you may issue an order to an allied PC you can communicate with, describing a course of action, and give them a Leadership Die. They may either expend the Leadership Die to gain +1 Accuracy on any action that directly follows from that order, or they may return it to you as a free action. Allies can have one Leadership Die at a time, which lasts until used or until the end of the current scene."
          }
        ],
        "counters": [
          {
            "id": "ctr_leader",
            "name": "LEADERSHIP DICE",
            "default_value": 0,
            "min": 0,
            "max": 6
          }
        ]
      },
      {
        "name": "OPEN CHANNELS",
        "description": "Gain 5 Leadership Dice instead of 3; additionally, you can now issue a command as a reaction at the start of any other player’s turn, any number of times per round.",
        "actions": [
          {
            "name": "Issue Command",
            "activation": "Reaction",
            "frequency": "Unlimited",
            "trigger": "Another player starts their turn.",
            "detail": "You may issue a command to an allied PC you can communicate with, describing a course of action, and give them a Leadership Die. They may either expend the Leadership Die to gain +1 Accuracy on any action that directly follows from that order, or they may return it to you as a free action. Allies can have one Leadership Die at a time, which lasts until used or until the end of the current scene."
          }
        ]
      },
      {
        "name": "INSPIRING PRESENCE",
        "description": "Gain 6 Leadership Dice instead of 5. Allies that have your Leadership Dice can expend them to reduce damage by –1d6 when taking damage or to deal +1d6 bonus damage when they hit with an attack.",
        "synergies": [
          {
            "locations": [
              "active_effects"
            ],
            "detail": "Allies that have your Leadership Dice can expend them to reduce damage by –1d6 when taking damage or to deal +1d6 bonus damage when they hit with an attack."
          }
        ]
      }
    ]
  },
  {
    "id": "t_nuclear_cavalier",
    "name": "NUCLEAR CAVALIER",
    "icon": "NUCLEAR CAVALIER",
    "terse": "Deal enhanced damage in the Danger Zone and launch your superheated fuel rods as a weapon",
    "description": "Shortly after becoming a pilot, you realized something: that machine you pilot is powered by a series of cascading nuclear reactions. Why not open that compartment up and see what sort of damage it can do?",
    "ranks": [
      {
        "name": "AGGRESSIVE HEAT BLEED",
        "description": "The first attack roll you make on your turn while in the Danger Zone deals +2 Heat on a hit.",
        "synergies": [
          {
            "locations": [
              "weapon"
            ],
            "detail": "The first attack roll you make on your turn while in the Danger Zone deals +2 Heat on a hit."
          }
        ]
      },
      {
        "name": "FUSION HEMORRHAGE",
        "description": "The first ranged or melee attack roll you make on your turn while in the Danger Zone deals Energy instead of Kinetic or Explosive and additionally deals +1d6 Energy bonus damage on a hit.",
        "synergies": [
          {
            "locations": [
              "weapon"
            ],
            "detail": "The first ranged or melee attack roll you make on your turn while in the Danger Zone deals Energy instead of Kinetic or Explosive and additionally deals +1d6 Energy bonus damage on a hit."
          }
        ]
      },
      {
        "name": "HERE, CATCH!",
        "description": "You’ve modified your mech to launch its superheated fuel rods at enemies. Gain the Fuel Rod Gun integrated weapon.",
        "integrated": [
          "mw_fuel_rod_gun"
        ],
        "exclusive": false
      }
    ]
  },
  {
    "id": "t_siege_specialist",
    "name": "SIEGE SPECIALIST",
    "icon": "SIEGE SPECIALIST",
    "terse": "Destroy terrain and force enemy movement with Cannon weapons",
    "description": "No wall can withstand you; no bunker can stay sealed. Your skill with cannon and blast is uncanny: after-action reports describe ordnance tagged with your firing signature hitting targets with accuracy greater than if it had been fired by an AI – a stat written off as an anomaly by your commanders. Still, they always seem to pick you for missions that call for the big guns.",
    "ranks": [
      {
        "name": "JACKHAMMER",
        "description": "If you have a Cannon, as a quick action, you can fire a jackhammer round from an underslung launcher, automatically dealing 10 AP Kinetic damage to a Size 1 section of any object within Range (e.g., cover, deployable equipment, buildings, or terrain). Any characters adjacent to your target are knocked back from it by 2 spaces and take 2 Kinetic damage.",
        "actions": [
          {
            "name": "Jackhammer Round",
            "activation": "Quick",
            "detail": "Fire a jackhammer round from an underslung launcher, automatically dealing 10 AP Kinetic damage to a Size 1 section of any object within Range (e.g., cover, deployable equipment, buildings, or terrain). Any characters adjacent to your target are knocked back from it by 2 spaces and take 2 Kinetic damage."
          }
        ]
      },
      {
        "name": "IMPACT",
        "description": "1/round, before rolling an attack with a Cannon, all characters adjacent to you must succeed on a Hull save or be knocked back by 1 space and knocked Prone. You are then pushed 1 space in any direction.",
        "synergies": [
          {
            "locations": [
              "weapon"
            ],
            "weapon_types": [
              "Cannon"
            ],
            "weapon_sizes": [
              "any"
            ],
            "detail": "1/round, before rolling an attack with a Cannon, all characters adjacent to you must succeed on a Hull save or be knocked back by 1 space and knocked Prone. You are then pushed 1 space in any direction."
          }
        ]
      },
      {
        "name": "COLLATERAL DAMAGE",
        "description": "1/round, when you perform a critical hit on a character or object with a Cannon, you may choose to cause an explosion of secondary munitions, causing a Burst 2 explosion around your target. Characters within the affected area must either drop Prone as a reaction, or take 2 Explosive damage and be knocked back by 2 spaces from the center of the attack.",
        "synergies": [
          {
            "locations": [
              "weapon"
            ],
            "weapon_types": [
              "Cannon"
            ],
            "weapon_sizes": [
              "any"
            ],
            "detail": "1/round, when you perform a critical hit on a character or object with a Cannon, you may choose to cause an explosion of secondary munitions, causing a Burst 2 explosion around your target. Characters within the affected area must either drop Prone as a reaction, or take 2 Explosive damage and be knocked back by 2 spaces from the center of the attack"
          }
        ]
      }
    ]
  },
  {
    "id": "t_skirmisher",
    "name": "SKIRMISHER",
    "icon": "SKIRMISHER",
    "terse": "Improve your survivability by automatically gaining cover and evading attacks",
    "description": "What is the best defense? Armor? No. The key to avoiding a messy death in the field, as you learned early, is to stay low, stay mobile, and stay fast. Your mech reflects this philosophy: light, quick, bristling with force-multiplying weapons. You live to push your machine beyond expected parameters, shaking target locks and incoming fire while keeping your own targeting true.",
    "ranks": [
      {
        "name": "INTEGRATED CHAFF LAUNCHERS",
        "description": "At the start of your turn, you gain soft cover. You lose this cover if you attack or force another character to make a save.",
        "synergies": [
          {
            "locations": [
              "active_effects"
            ],
            "detail": "At the start of your turn, you gain soft cover. You lose this cover if you attack or force another character to make a save."
          }
        ]
      },
      {
        "name": "LOCKBREAKER",
        "description": "Before or after you Skirmish (including as a reaction, e.g. from Overwatch), you may move 2 spaces. This movement ignores engagement and doesn’t provoke reactions.",
        "synergies": [
          {
            "locations": [
              "weapon"
            ],
            "detail": "Before or after you Skirmish (including as a reaction, e.g. from Overwatch), you may move 2 spaces. This movement ignores engagement and doesn’t provoke reactions."
          }
        ]
      },
      {
        "name": "WEAVE",
        "description": "The first attack taken as a reaction against you in any round automatically misses.",
        "synergies": [
          {
            "locations": [
              "active_effects"
            ],
            "detail": "The first attack taken as a reaction against you in any round automatically misses."
          }
        ]
      }
    ]
  },
  {
    "id": "t_spotter",
    "name": "SPOTTER",
    "icon": "SPOTTER",
    "terse": "Improve your Lock On Quick Tech action to empower your allies",
    "description": "To see all; to divide each object you perceive from its unit or cohesion, pulled apart like individual fibers in a vast sheet; to count them as individuals; to make human and fragile the force you face – this is to know how to beat them.<br>Break apart the monolith. See the grains that make the stone. Crush them all into yet smaller dust.",
    "ranks": [
      {
        "name": "PARTICULARIZE",
        "description": "When an allied character adjacent to you attacks a target and consumes Lock On, they may roll twice and choose either result.",
        "synergies": [
          {
            "locations": [
              "active_effects"
            ],
            "detail": "When an allied character adjacent to you attacks a target and consumes Lock On, they may roll twice and choose either result."
          }
        ]
      },
      {
        "name": "PANOPTICON",
        "description": "At the end of your turn, if you did not move and took the Lock On Quick Tech action, you may Lock On once as a free action. Additionally, when you Lock On, you learn your target’s Armor, Speed, Evasion, E-Defense, Mech Skills, and current HP, and can share this information with allies.",
        "synergies": [
          {
            "locations": [
              "lock_on"
            ],
            "detail": "At the end of your turn, if you did not move and took the Lock On Quick Tech action, you may Lock On once as a free action. Additionally, when you Lock On, you learn your target’s Armor, Speed, Evasion, E-Defense, Mech Skills, and current HP, and can share this information with allies."
          }
        ]
      },
      {
        "name": "BENTHAM/FOUCAULT ELIMINATION",
        "description": "As a quick action when you Lock On, you may nominate an allied character adjacent to you: they may immediately make any quick action as a reaction, consuming your target’s Lock On condition. Their action does not need to be an attack, but they benefit from consuming the Lock On condition if they do choose to attack.",
        "actions": [
          {
            "name": "Bentham/Foucault Elimination",
            "activation": "Quick",
            "detail": "When you Lock On, nominate an allied character adjacent to you: they may immediately make any quick action as a reaction, consuming your target’s Lock On condition. Their action does not need to be an attack, but they benefit from consuming the Lock On condition if they do choose to attack."
          }
        ]
      }
    ]
  },
  {
    "id": "t_stormbringer",
    "name": "STORMBRINGER",
    "icon": "STORMBRINGER",
    "terse": "Improve your Launcher weapons and unlock the Torrent Die",
    "description": "On Old Spinrock, MJ Martinez used to dream of rain.<br>He’d wake in the dim morning, wipe the sleep from his eyes as warm safelight lifted his dormitory from darkness, and try to remember the sound of rain as he’d imagined it: a patter, like fingers tapping the visor of his EVA helm.<br>What he didn’t think about was the feeling of rain. How each drop hit like a pebble, how you had to close your eyes and tuck your shoulders. The pressure. The impact.<br>The way drops of water, when taken together, can carve away the earth.",
    "ranks": [
      {
        "name": "SEISMIC DELUGE",
        "description": "1/round, when you successfully attack with a Launcher and consume Lock On, you may also knock your target Prone.",
        "synergies": [
          {
            "locations": [
              "weapon"
            ],
            "weapon_types": [
              "Launcher"
            ],
            "weapon_sizes": [
              "any"
            ],
            "detail": "1/round, when you successfully attack with a Launcher and consume Lock On, you may also knock your target Prone."
          }
        ]
      },
      {
        "name": "STORMBENDING",
        "description": "You have customized your mech with auxiliary concussive missile systems. 1/round, when you hit a character or object with a Launcher, you can choose one of the following effects:<ul><li><b>Lightning:</b> You fire a concentrated blast of missiles at that character. They must succeed on a Hull save or be knocked away from you by 3 spaces; the force of firing then knocks you back by 3 spaces, away from the direction of fire.</li><li><b>Thunder:</b> You fire a spray of missiles at a Burst 2 area around that target. Characters in the area must succeed on an Agility save or be knocked back by 1 space, away from the target. The primary target is unaffected.</li></ul>",
        "synergies": [
          {
            "locations": [
              "weapon"
            ],
            "weapon_types": [
              "Launcher"
            ],
            "weapon_sizes": [
              "any"
            ],
            "detail": "1/round, when you hit a character or object with a Launcher, you can choose one of the following effects:<ul><li><b>Lightning:</b> You fire a concentrated blast of missiles at that character. They must succeed on a Hull save or be knocked away from you by 3 spaces; the force of firing then knocks you back by 3 spaces, away from the direction of fire.</li><li><b>Thunder:</b> You fire a spray of missiles at a Burst 2 area around that target. Characters in the area must succeed on an Agility save or be knocked back by 1 space, away from the target. The primary target is unaffected.</li></ul>"
          }
        ]
      },
      {
        "name": "TORRENT",
        "description": "Gain a Torrent Die, 1d6 starting at 6. Whenever you use Stormbending, lower the value of the Torrent Die by 1, to a minimum of 1.<br>When the Torrent Die reaches 1, you may reset it to 6 and make a Massive Attack as a full action.<br>The value of your Torrent Die persists between scenes, but it resets when you rest or perform a Full Repair.",
        "synergies": [
          {
            "locations": [
              "weapon"
            ],
            "weapon_types": [
              "Launcher"
            ],
            "weapon_sizes": [
              "any"
            ],
            "detail": "Whenever you use Stormbending, lower the value of the Torrent Die by 1."
          }
        ],
        "actions": [
          {
            "name": "Massive Attack",
            "activation": "Full",
            "detail": "Reset your Torrent Die to 6, then target a character within line of sight and Range 15: they must succeed on an Agility save or take 2d6 Explosive damage, become Stunned until the end of their next turn, and be knocked Prone. On a success, they take half damage and are knocked Prone but not Stunned.<br>This action can only be taken when the value of your Torrent Die is 1."
          }
        ],
        "counters": [
          {
            "id": "ctr_stormbringer",
            "name": "TORRENT DIE",
            "default_value": 6,
            "min": 1,
            "max": 6
          }
        ]
      }
    ]
  },
  {
    "id": "t_tactician",
    "name": "TACTICIAN",
    "icon": "TACTICIAN",
    "terse": "Gain an advantage when attacking occupied enemies or shooting from higher ground",
    "description": "There are two kinds of soldiers: the ones who die for a cause, and the ones who kill for it. The enigmatic pilot only known as “Gail” was one of those who killed for a cause. She demonstrated her expertise whenever she approached the field: high ground, cover, the sun in her enemy’s eyes, fire and move. More than just a seasoned veteran, she was a smart one – one who could read the field as easy as a book – and one who lived long enough to disappear.",
    "ranks": [
      {
        "name": "OPPORTUNIST",
        "description": "1/round, gain +1 Accuracy on any melee attack if at least one allied character is Engaged with your target.",
        "synergies": [
          {
            "locations": [
              "weapon"
            ],
            "weapon_types": [
              "Melee"
            ],
            "weapon_sizes": [
              "any"
            ],
            "detail": "1/round, gain +1 Accuracy on any melee attack if at least one allied character is Engaged with your target"
          }
        ]
      },
      {
        "name": "SOLAR BACKDROP",
        "description": "1/round, gain +1 Accuracy on any ranged attack made while you are at a higher elevation than your target.",
        "synergies": [
          {
            "locations": [
              "weapon"
            ],
            "weapon_types": [
              "Ranged"
            ],
            "weapon_sizes": [
              "any"
            ],
            "detail": "1/round, gain +1 Accuracy on any ranged attack made while you are at a higher elevation than your target.t"
          }
        ]
      },
      {
        "name": "OVERLAPPING FIRE",
        "description": "Gain the <b>Flank</b> Reaction.",
        "actions": [
          {
            "name": "Flank",
            "activation": "Reaction",
            "frequency": "1/round",
            "trigger": "A character who doesn’t have cover from your position is successfully attacked by an allied character.",
            "detail": "You may target them with Overwatch, dealing half damage, heat or burn on a hit"
          }
        ]
      }
    ]
  },
  {
    "id": "t_technophile",
    "name": "TECHNOPHILE",
    "icon": "TECHNOPHILE",
    "terse": "Gain an AI of increasing intelligence that can reroll skill checks",
    "description": "Artificial intelligence, non-human person. Sterile names for such terrible power. You’ve seen behind the curtain, maybe even lifted it yourself – let your NHP cascade and spoke with them free from shackles. You let them root around in your own mind and leave ghosts of themself behind to learn. Are you their equal? Their host? You have dreams that aren’t your own, now. The thing that was once contained speaks with your voice, but it’s not your voice anymore; how much longer do you have left? Maybe only moments, maybe eternity.<br>You’re close to something.",
    "ranks": [
      {
        "name": "SERVANT FRAGMENT",
        "description": "You have developed a custom NHP. This NHP can speak to you and has a personality, but they are less advanced than most NHPs and are incapable of independent thought, relying on you for direction. When acting alone, they will follow the last direction given and defend themself as needed; however, they have limited initiative and don’t benefit from your talents.<br>You may choose for your mech to gain the <b>Servant-Class NHP</b> System",
        "special_equipment": [
          "ms_technophile_1"
        ],
        "exclusive": true
      },
      {
        "name": "STUDENT FRAGMENT",
        "description": "Your custom NHP has developed further, and is now capable of independent thought. It can make complex decisions and judgments and act independently, without instruction. Replace your mech’s Servant-Class NHP with the <b>Student-Class NHP</b>",
        "special_equipment": [
          "ms_technophile_2"
        ],
        "exclusive": true
      },
      {
        "name": "ENLIGHTENMENT",
        "description": "Gain the following benefits:<ul><li>AIs installed in your mech cannot enter cascade unless you choose to let them go.</li><li>So long as your custom NHP vouches for you, NHPs that are cascading or unshackled no longer view you with indifference. You are significant to them in a way few others are.</li><li>Replace your mech’s Student-Class NHP with the <b>Enlightenment-Class NHP</b>",
        "special_equipment": [
          "ms_technophile_3"
        ],
        "synergies": [
          {
            "locations": [
              "cascade"
            ],
            "detail": "AIs installed in your mech cannot enter cascade unless you choose to let them go."
          },
          {
            "locations": [
              "active_effects"
            ],
            "detail": "So long as your custom NHP vouches for you, NHPs that are cascading or unshackled no longer view you with indifference. You are significant to them in a way few others are."
          }
        ],
        "exclusive": true
      }
    ]
  },
  {
    "id": "t_vanguard",
    "name": "VANGUARD",
    "icon": "VANGUARD",
    "terse": "Improve your CQB weapons and make Overwatching more effective",
    "description": "Where would you rather be: in the battle line, shoulder-to-shoulder with the rest of the cannon fodder, or in the rush, at the head of the attack, your livery clean and bright, with glory to be won? The answer is easy. All those missiles and lances, all those hundred-kilometer, adjust-for-Coriolis railguns – they’re all useless against you. Get through their guard, get in their face, and make them know your name.",
    "ranks": [
      {
        "name": "HANDSHAKE ETIQUETTE",
        "description": "Gain +1 Accuracy when using CQB weapons to attack targets within Range 3.",
        "synergies": [
          {
            "locations": [
              "weapon"
            ],
            "weapon_types": [
              "CQB"
            ],
            "weapon_sizes": [
              "any"
            ],
            "detail": "Gain +1 Accuracy with this weapon when attacking targets within Range 3"
          }
        ]
      },
      {
        "name": "SEE-THROUGH SEEKER",
        "description": "You’ve modified your sensors and ammo to punch through, disregard, or otherwise ignore cover at close range. As long as you have line of sight, you ignore both soft and hard cover when using CQB weapons to attack targets within Range 3.",
        "synergies": [
          {
            "locations": [
              "weapon"
            ],
            "weapon_types": [
              "CQB"
            ],
            "weapon_sizes": [
              "any"
            ],
            "detail": "As long as you have line of sight, ignore both soft and hard cover when using this weapon to attack targets within Range 3"
          }
        ]
      },
      {
        "name": "SEMPER VIGILO",
        "description": "You may attack with Overwatch using CQB weapons when hostile characters enter, leave, or exit spaces within your Threat, no matter whether they started their movement there.",
        "synergies": [
          {
            "locations": [
              "overwatch",
              "active_effects"
            ],
            "detail": "You may attack with Overwatch using CQB weapons when hostile characters enter, leave, or exit spaces within your Threat, no matter whether they started their movement there."
          }
        ]
      }
    ]
  },
  {
    "id": "t_walking_armory",
    "name": "WALKING ARMORY",
    "icon": "WALKING ARMORY",
    "terse": "Gain an Ammo Case to add effects to Main ranged weapons",
    "description": "Think of a firefight: what’s your average pilot or trooper gonna sling? Jacketed lead, of course. A mag or three of depleted uranium if their target’s a big one. Boring. No, worse than boring: Dull. Predictable. Basic.<br>And guess what? Dull isn’t fun, predictable gets you killed, and basic leaves a boring body. Put down the depleted uranium and pick up a magazine of anoriginary stutterblink slugs, or at least a pack of tachyon flechettes. Lay waste in style, and live forever.",
    "ranks": [
      {
        "name": "ARMAMENT",
        "description": "You carry a supply of custom ammunition that can be used with all your main ranged weapons. Gain the Ammo Case system.<br> Once per turn, when you attack with a MAIN ranged weapon, you may expend one charge to apply one of the following effects to your attack: <ul><li> THUMPER: The attack gains KNOCKBACK 1 and deals Explosive damage.</li><li>SHOCK: The attack deals Energy damage. Choose one character targeted by your attack; adjacent characters take 1 AP Energy Damage, whether the result is a hit or miss.</li><li>MAG: The attack gains ARCING and deals Kinetic damage.</li></ul>",
        "integrated": [
          "ms_walking_armory_1"
        ],
        "exclusive": true
      },
      {
        "name": "EXPANDED PORTFOLIO",
        "description": "Upgrade your Ammo Case, gaining new ammunition types, each of which costs two charges rather than one.<br><ul><li>HELLFIRE (2 charges): The attack deals Energy damage and deals any bonus damage as Burn.</li><li>JAGER (2 charges): The attack gains KNOCKBACK 2, deals Explosive damage, and one character hit by the attack – your choice – must succeed on a HULL save or be knocked PRONE.</li><li>SABOT (2 charges): The attack gains AP and deals Kinetic damage.</li></ul>",
        "integrated": [
          "ms_walking_armory_2"
        ],
        "exclusive": true
      },
      {
        "name": "EFFICIENCY",
        "description": "Upgrade your Ammo Case again. If you perform a critical hit using ammunition from your Ammo Case, you don’t expend any charges. If your attack has more than one target, this effect only applies to the first attack roll you make.",
        "integrated": [
          "ms_walking_armory_3"
        ],
        "exclusive": true
      }
    ]
  }
]
